0.00 ,2.06 ,15.02 
0.27 ,6.24 ,15.00 
107.09 ,11.10 ,15.01 
1107.03 ,16.55 ,14.98 
3690.35 ,23.07 ,15.05 
6993.96 ,30.60 ,15.00 
9570.56 ,38.35 ,15.05 
10808.88 ,45.66 ,15.01 
11244.62 ,52.14 ,15.03 
10984.94 ,57.76 ,14.96 
10704.02 ,62.50 ,14.98 
10435.47 ,66.50 ,15.04 
9863.26 ,69.89 ,14.98 
9563.56 ,72.65 ,15.02 
9144.45 ,74.93 ,14.99 
8873.39 ,76.73 ,15.00 
8549.47 ,78.12 ,14.96 
8382.99 ,79.15 ,14.96 
8433.28 ,79.86 ,15.03 
8272.89 ,80.33 ,15.00 
8177.23 ,80.55 ,14.98 
8180.41 ,80.55 ,14.98 
8336.61 ,80.36 ,15.03 
8321.56 ,80.04 ,15.00 
8444.39 ,79.58 ,15.02 
8532.18 ,79.02 ,15.01 
8671.51 ,78.36 ,15.02 
8766.45 ,77.62 ,15.01 
8764.53 ,76.83 ,14.96 
9038.23 ,75.95 ,15.01 
9236.85 ,75.07 ,15.03 
9344.64 ,74.18 ,15.02 
9244.03 ,73.27 ,14.93 
9549.33 ,72.31 ,14.99 
9680.50 ,71.37 ,14.99 
9858.64 ,70.46 ,15.01 
9915.62 ,69.57 ,14.98 
10070.49 ,68.69 ,15.00 
10301.36 ,67.85 ,15.05 
10339.25 ,67.06 ,15.02 
10385.61 ,66.29 ,15.01 
10380.78 ,65.54 ,14.97 
10526.49 ,64.79 ,15.00 
10615.72 ,64.08 ,15.00 
10628.56 ,63.42 ,14.98 
10705.63 ,62.78 ,14.99 
10815.65 ,62.17 ,15.01 
10947.21 ,61.61 ,15.05 
10693.95 ,61.11 ,14.93 
10834.61 ,60.56 ,14.97 
11032.27 ,60.06 ,15.03 
11021.40 ,59.64 ,15.02 
10985.44 ,59.24 ,14.99 
11058.33 ,58.84 ,15.01 
10979.30 ,58.49 ,14.97 
10995.82 ,58.13 ,14.97 
11107.83 ,57.79 ,15.01 
11205.97 ,57.50 ,15.04 
11162.31 ,57.26 ,15.02 
11083.99 ,57.03 ,14.99 
11191.00 ,56.79 ,15.03 
11119.56 ,56.58 ,14.99 
11093.87 ,56.38 ,14.98 
11120.25 ,56.17 ,14.99 
11114.59 ,55.98 ,14.98 
11147.50 ,55.81 ,14.99 
11204.59 ,55.66 ,15.02 
11096.46 ,55.54 ,14.97 
11196.66 ,55.40 ,15.01 
11252.37 ,55.29 ,15.03 
11186.94 ,55.22 ,15.00 
11226.37 ,55.13 ,15.02 
11176.39 ,55.07 ,15.00 
11318.61 ,54.99 ,15.06 
11244.70 ,54.96 ,15.03 
11060.19 ,54.92 ,14.95 
11186.95 ,54.82 ,15.00 
11063.79 ,54.75 ,14.95 
11256.53 ,54.66 ,15.03 
11214.16 ,54.64 ,15.01 
11231.08 ,54.61 ,15.02 
11247.18 ,54.59 ,15.03 
11306.62 ,54.58 ,15.05 
11166.73 ,54.59 ,14.99 
11179.49 ,54.56 ,15.00 
11230.62 ,54.52 ,15.02 
11255.19 ,54.51 ,15.03 
11114.47 ,54.51 ,14.97 
11153.05 ,54.47 ,14.98 
11193.12 ,54.43 ,15.00 
11024.42 ,54.41 ,14.93 
11269.28 ,54.35 ,15.03 
11122.63 ,54.35 ,14.97 
11269.10 ,54.33 ,15.03 
11138.77 ,54.35 ,14.98 
11234.24 ,54.33 ,15.02 
11246.58 ,54.34 ,15.02 
11179.51 ,54.36 ,14.99 
11229.09 ,54.36 ,15.02 
11182.67 ,54.37 ,15.00 
11228.45 ,54.36 ,15.02 
11117.61 ,54.37 ,14.97 
11142.44 ,54.35 ,14.98 
11285.97 ,54.33 ,15.04 
11149.77 ,54.36 ,14.98 
11207.36 ,54.35 ,15.01 
11085.15 ,54.35 ,14.95 
11164.88 ,54.32 ,14.99 
11140.30 ,54.31 ,14.98 
11174.47 ,54.30 ,14.99 
11257.56 ,54.29 ,15.03 
11257.36 ,54.32 ,15.03 
11269.95 ,54.35 ,15.03 
11201.68 ,54.39 ,15.00 
11224.41 ,54.40 ,15.01 
11119.95 ,54.41 ,14.97 
11160.77 ,54.39 ,14.99 
11276.50 ,54.37 ,15.04 
11251.23 ,54.40 ,15.03 
11220.05 ,54.42 ,15.01 
11106.79 ,54.43 ,14.96 
11212.61 ,54.40 ,15.01 
11217.00 ,54.40 ,15.01 
11163.55 ,54.41 ,14.99 
11210.48 ,54.40 ,15.01 
11363.48 ,54.40 ,15.08 
11159.39 ,54.45 ,14.99 
11082.20 ,54.45 ,14.95 
11012.06 ,54.41 ,14.92 
11140.68 ,54.34 ,14.98 
11146.69 ,54.31 ,14.98 
11113.64 ,54.30 ,14.97 
11328.70 ,54.28 ,15.06 
11256.69 ,54.33 ,15.03 
11236.29 ,54.36 ,15.02 
11219.20 ,54.39 ,15.01 
10998.58 ,54.40 ,14.92 
11304.77 ,54.34 ,15.05 
11193.05 ,54.37 ,15.00 
11130.64 ,54.38 ,14.97 
11053.88 ,54.36 ,14.94 
11197.80 ,54.32 ,15.00 
11331.99 ,54.32 ,15.06 
11215.71 ,54.37 ,15.01 
11247.80 ,54.39 ,15.02 
11178.30 ,54.41 ,14.99 
11259.96 ,54.41 ,15.03 
11088.01 ,54.43 ,14.96 
11255.68 ,54.40 ,15.03 
11226.01 ,54.41 ,15.02 
11178.15 ,54.42 ,14.99 
11203.95 ,54.42 ,15.01 
11297.54 ,54.42 ,15.05 
11192.36 ,54.45 ,15.00 
11249.98 ,54.45 ,15.03 
11102.85 ,54.46 ,14.96 
11269.97 ,54.43 ,15.03 
11312.57 ,54.44 ,15.05 
11150.57 ,54.48 ,14.98 
11122.20 ,54.46 ,14.97 
11126.03 ,54.43 ,14.97 
11237.29 ,54.40 ,15.02 
11139.93 ,54.40 ,14.98 
11184.55 ,54.38 ,15.00 
11096.90 ,54.37 ,14.96 
11260.73 ,54.34 ,15.03 
11140.41 ,54.36 ,14.98 
11250.16 ,54.35 ,15.03 
11242.36 ,54.36 ,15.02 
11179.90 ,54.38 ,15.00 
11211.25 ,54.38 ,15.01 
11169.36 ,54.39 ,14.99 
11166.38 ,54.38 ,14.99 
11268.31 ,54.37 ,15.03 
11193.72 ,54.39 ,15.00 
11117.31 ,54.39 ,14.97 
11296.49 ,54.37 ,15.05 
11120.59 ,54.40 ,14.97 
11219.51 ,54.37 ,15.01 
11134.47 ,54.38 ,14.98 
11170.42 ,54.36 ,14.99 
11218.12 ,54.35 ,15.01 
11261.83 ,54.36 ,15.03 
11168.19 ,54.38 ,14.99 
11213.68 ,54.38 ,15.01 
11176.19 ,54.38 ,14.99 
11192.23 ,54.38 ,15.00 
11111.24 ,54.37 ,14.96 
11182.64 ,54.35 ,15.00 
11291.43 ,54.34 ,15.04 
11135.07 ,54.37 ,14.98 
11104.19 ,54.36 ,14.96 
11297.36 ,54.33 ,15.05 
11269.60 ,54.36 ,15.03 
11243.75 ,54.39 ,15.02 
11092.71 ,54.41 ,14.96 
11295.53 ,54.38 ,15.05 
11150.66 ,54.41 ,14.98 
11109.77 ,54.39 ,14.96 
11144.20 ,54.36 ,14.98 
11215.46 ,54.34 ,15.01 
11235.28 ,54.35 ,15.02 
11205.78 ,54.36 ,15.01 
11173.53 ,54.37 ,14.99 
11312.40 ,54.36 ,15.05 
11147.69 ,54.40 ,14.98 
11198.31 ,54.39 ,15.00 
11142.77 ,54.39 ,14.98 
11219.45 ,54.37 ,15.01 
11061.88 ,54.37 ,14.94 
11235.97 ,54.33 ,15.02 
11117.74 ,54.34 ,14.97 
11184.93 ,54.32 ,15.00 
11120.91 ,54.31 ,14.97 
11109.22 ,54.29 ,14.96 
11066.10 ,54.27 ,14.94 
11127.67 ,54.23 ,14.97 
11207.12 ,54.22 ,15.01 
11225.81 ,54.23 ,15.01 
11296.24 ,54.26 ,15.05 
11235.20 ,54.31 ,15.02 
11047.90 ,54.34 ,14.94 
11123.17 ,54.30 ,14.97 
11182.78 ,54.28 ,15.00 
11023.45 ,54.28 ,14.93 
11171.80 ,54.24 ,14.99 
11153.05 ,54.23 ,14.98 
11215.00 ,54.23 ,15.01 
11229.96 ,54.25 ,15.02 
11252.54 ,54.28 ,15.03 
11178.36 ,54.32 ,14.99 
11176.05 ,54.33 ,14.99 
11289.01 ,54.33 ,15.04 
11314.61 ,54.37 ,15.05 
11164.92 ,54.42 ,14.99 
11201.05 ,54.41 ,15.00 
11125.92 ,54.42 ,14.97 
11193.52 ,54.39 ,15.00 
11242.38 ,54.39 ,15.02 
11150.93 ,54.40 ,14.98 
11199.71 ,54.39 ,15.00 
11193.33 ,54.39 ,15.00 
11149.11 ,54.39 ,14.98 
11155.00 ,54.37 ,14.98 
11317.69 ,54.36 ,15.06 
11123.60 ,54.39 ,14.97 
11157.77 ,54.38 ,14.99 
11090.55 ,54.36 ,14.96 
11185.32 ,54.33 ,15.00 
11218.38 ,54.32 ,15.01 
11156.35 ,54.33 ,14.98 
11214.85 ,54.32 ,15.01 
11143.18 ,54.33 ,14.98 
11276.87 ,54.32 ,15.04 
11189.33 ,54.35 ,15.00 
11243.59 ,54.36 ,15.02 
11337.74 ,54.38 ,15.06 
11219.93 ,54.42 ,15.01 
11280.03 ,54.44 ,15.04 
11206.92 ,54.46 ,15.01 
11169.19 ,54.46 ,14.99 
11128.33 ,54.44 ,14.97 
11164.86 ,54.41 ,14.99 
11268.75 ,54.39 ,15.03 
11248.69 ,54.41 ,15.03 
11121.17 ,54.42 ,14.97 
11177.99 ,54.39 ,14.99 
11104.01 ,54.38 ,14.96 
11212.08 ,54.34 ,15.01 
11256.57 ,54.34 ,15.03 
11141.23 ,54.36 ,14.98 
11004.56 ,54.34 ,14.92 
11238.93 ,54.28 ,15.02 
11407.65 ,54.29 ,15.09 
11227.26 ,54.36 ,15.02 
11211.05 ,54.38 ,15.01 
11210.00 ,54.39 ,15.01 
11255.36 ,54.39 ,15.03 
11331.13 ,54.41 ,15.06 
11292.76 ,54.45 ,15.04 
11176.68 ,54.48 ,14.99 
11191.13 ,54.47 ,15.00 
11206.72 ,54.45 ,15.01 
11132.96 ,54.44 ,14.97 
11268.52 ,54.41 ,15.03 
11201.46 ,54.42 ,15.00 
11295.36 ,54.41 ,15.05 
11177.38 ,54.44 ,14.99 
11301.59 ,54.42 ,15.05 
11062.94 ,54.45 ,14.94 
11313.42 ,54.40 ,15.05 
11088.82 ,54.42 ,14.96 
11120.68 ,54.38 ,14.97 
11194.91 ,54.34 ,15.00 
11094.31 ,54.33 ,14.96 
11223.38 ,54.29 ,15.01 
11228.63 ,54.30 ,15.02 
11280.52 ,54.31 ,15.04 
11164.47 ,54.34 ,14.99 
11219.71 ,54.33 ,15.01 
11208.16 ,54.34 ,15.01 
11238.78 ,54.34 ,15.02 
11233.79 ,54.35 ,15.02 
11124.75 ,54.37 ,14.97 
11310.20 ,54.34 ,15.05 
11165.54 ,54.37 ,14.99 
11130.20 ,54.36 ,14.97 
11124.88 ,54.34 ,14.97 
11272.11 ,54.31 ,15.04 
11181.01 ,54.33 ,15.00 
11373.46 ,54.33 ,15.08 
11177.73 ,54.38 ,14.99 
11181.57 ,54.38 ,15.00 
11218.76 ,54.37 ,15.01 
11112.14 ,54.37 ,14.97 
11172.90 ,54.34 ,14.99 
11085.89 ,54.33 ,14.95 
11262.49 ,54.29 ,15.03 
11212.24 ,54.31 ,15.01 
11109.76 ,54.31 ,14.96 
11196.80 ,54.29 ,15.00 
11165.59 ,54.29 ,14.99 
11285.37 ,54.28 ,15.04 
11283.42 ,54.31 ,15.04 
11235.61 ,54.35 ,15.02 
11224.20 ,54.37 ,15.01 
11244.87 ,54.38 ,15.02 
11139.48 ,54.39 ,14.98 
11215.64 ,54.37 ,15.01 
11164.52 ,54.37 ,14.99 
11249.38 ,54.36 ,15.03 
11179.32 ,54.37 ,14.99 
11317.27 ,54.36 ,15.06 
11202.46 ,54.39 ,15.01 
11276.33 ,54.40 ,15.04 
11188.24 ,54.42 ,15.00 
11090.08 ,54.41 ,14.96 
11215.75 ,54.37 ,15.01 
11177.98 ,54.36 ,14.99 
11098.39 ,54.35 ,14.96 
11207.25 ,54.31 ,15.01 
11210.09 ,54.31 ,15.01 
11167.32 ,54.31 ,14.99 
11284.35 ,54.31 ,15.04 
11138.21 ,54.33 ,14.98 
11129.08 ,54.32 ,14.97 
11191.91 ,54.30 ,15.00 
11218.65 ,54.29 ,15.01 
11157.94 ,54.30 ,14.99 
11174.14 ,54.29 ,14.99 
11119.76 ,54.29 ,14.97 
11327.54 ,54.27 ,15.06 
11322.43 ,54.31 ,15.06 
11089.44 ,54.36 ,14.96 
11321.90 ,54.33 ,15.06 
11131.16 ,54.37 ,14.97 
11171.03 ,54.35 ,14.99 
11228.82 ,54.34 ,15.02 
11169.75 ,54.35 ,14.99 
11281.47 ,54.34 ,15.04 
11273.37 ,54.36 ,15.04 
11084.05 ,54.39 ,14.95 
11119.89 ,54.35 ,14.97 
11140.90 ,54.32 ,14.98 
11220.28 ,54.30 ,15.01 
11162.98 ,54.30 ,14.99 
11239.44 ,54.29 ,15.02 
11207.19 ,54.31 ,15.01 
11123.74 ,54.32 ,14.97 
11201.43 ,54.30 ,15.00 
11141.96 ,54.30 ,14.98 
11150.10 ,54.28 ,14.98 
11285.88 ,54.27 ,15.04 
11081.78 ,54.30 ,14.95 
11057.65 ,54.27 ,14.94 
11225.70 ,54.23 ,15.01 
11088.75 ,54.24 ,14.95 
11183.52 ,54.22 ,15.00 
11209.28 ,54.22 ,15.01 
11174.83 ,54.24 ,14.99 
11154.52 ,54.24 ,14.98 
11180.15 ,54.24 ,14.99 
11273.62 ,54.25 ,15.04 
11149.48 ,54.28 ,14.98 
11232.83 ,54.28 ,15.02 
11150.22 ,54.30 ,14.98 
11230.45 ,54.29 ,15.02 
11143.40 ,54.31 ,14.98 
11271.99 ,54.30 ,15.04 
11204.21 ,54.33 ,15.01 
11298.67 ,54.34 ,15.05 
11212.68 ,54.38 ,15.01 
11249.21 ,54.39 ,15.03 
11277.60 ,54.40 ,15.04 
11219.64 ,54.43 ,15.01 
11164.47 ,54.43 ,14.99 
11183.05 ,54.42 ,15.00 
11126.12 ,54.40 ,14.97 
11053.45 ,54.37 ,14.94 
11201.88 ,54.32 ,15.00 
11228.25 ,54.31 ,15.02 
11208.85 ,54.32 ,15.01 
11171.13 ,54.33 ,14.99 
11163.84 ,54.32 ,14.99 
11268.17 ,54.31 ,15.03 
11217.87 ,54.33 ,15.01 
11299.30 ,54.34 ,15.05 
11246.54 ,54.38 ,15.02 
11289.68 ,54.40 ,15.04 
11098.04 ,54.43 ,14.96 
11173.48 ,54.39 ,14.99 
11257.96 ,54.37 ,15.03 
11314.31 ,54.38 ,15.05 
11075.60 ,54.42 ,14.95 
11196.95 ,54.38 ,15.00 
11322.69 ,54.36 ,15.06 
11201.69 ,54.40 ,15.00 
11148.69 ,54.40 ,14.98 
11094.74 ,54.38 ,14.96 
11187.17 ,54.33 ,15.00 
11216.82 ,54.32 ,15.01 
11206.33 ,54.32 ,15.01 
11179.71 ,54.32 ,14.99 
11193.53 ,54.32 ,15.00 
11234.90 ,54.32 ,15.02 
11253.64 ,54.33 ,15.03 
11087.37 ,54.35 ,14.95 
11236.38 ,54.31 ,15.02 
11150.97 ,54.32 ,14.98 
11229.86 ,54.30 ,15.02 
11150.96 ,54.31 ,14.98 
11274.60 ,54.30 ,15.04 
11258.45 ,54.32 ,15.03 
11137.63 ,54.35 ,14.98 
11152.06 ,54.33 ,14.98 
11305.42 ,54.31 ,15.05 
11255.49 ,54.34 ,15.03 
11062.04 ,54.37 ,14.94 
11226.15 ,54.32 ,15.02 
11218.13 ,54.32 ,15.01 
11131.04 ,54.33 ,14.97 
11106.63 ,54.31 ,14.96 
11215.50 ,54.28 ,15.01 
11112.29 ,54.28 ,14.96 
11237.20 ,54.26 ,15.02 
11187.81 ,54.27 ,15.00 
11076.28 ,54.27 ,14.95 
11246.68 ,54.24 ,15.02 
11131.29 ,54.26 ,14.97 
11158.23 ,54.25 ,14.98 
11319.84 ,54.24 ,15.06 
11175.22 ,54.29 ,14.99 
11180.43 ,54.29 ,14.99 
11257.74 ,54.29 ,15.03 
11278.37 ,54.32 ,15.04 
11155.90 ,54.35 ,14.98 
11145.12 ,54.34 ,14.98 
11134.18 ,54.32 ,14.97 
11227.48 ,54.30 ,15.02 
11176.65 ,54.31 ,14.99 
11217.21 ,54.31 ,15.01 
11273.82 ,54.31 ,15.04 
11265.25 ,54.34 ,15.03 
11134.04 ,54.37 ,14.97 
11130.85 ,54.35 ,14.97 
11238.59 ,54.33 ,15.02 
11223.99 ,54.33 ,15.01 
11245.98 ,54.34 ,15.02 
11213.32 ,54.36 ,15.01 
11084.98 ,54.37 ,14.95 
11130.05 ,54.33 ,14.97 
11150.90 ,54.30 ,14.98 
11169.83 ,54.28 ,14.99 
11197.72 ,54.27 ,15.00 
11189.12 ,54.28 ,15.00 
11151.13 ,54.28 ,14.98 
11208.48 ,54.27 ,15.01 
11200.66 ,54.28 ,15.00 
11177.24 ,54.28 ,14.99 
11166.03 ,54.28 ,14.99 
11099.84 ,54.28 ,14.96 
11264.69 ,54.25 ,15.03 
11277.42 ,54.28 ,15.04 
11224.57 ,54.31 ,15.01 
11127.64 ,54.33 ,14.97 
11222.18 ,54.31 ,15.01 
11107.88 ,54.32 ,14.96 
11209.28 ,54.29 ,15.01 
11220.29 ,54.30 ,15.01 
11261.85 ,54.31 ,15.03 
11272.79 ,54.33 ,15.04 
11243.70 ,54.36 ,15.02 
11111.99 ,54.38 ,14.97 
11258.62 ,54.35 ,15.03 
11122.55 ,54.37 ,14.97 
11120.75 ,54.34 ,14.97 
11385.96 ,54.31 ,15.08 
11173.26 ,54.37 ,14.99 
11158.49 ,54.37 ,14.99 
11219.56 ,54.35 ,15.01 
11056.04 ,54.34 ,14.94 
11059.12 ,54.28 ,14.94 
10927.09 ,54.21 ,14.88 
10842.97 ,54.11 ,14.84 
10730.68 ,53.98 ,14.79 
10695.91 ,53.82 ,14.78 
10536.06 ,53.66 ,14.70 
10590.29 ,53.46 ,14.73 
10411.34 ,53.30 ,14.64 
10337.22 ,53.09 ,14.61 
10228.88 ,52.88 ,14.56 
10185.94 ,52.65 ,14.54 
10239.00 ,52.42 ,14.56 
10091.93 ,52.24 ,14.49 
9851.51 ,52.04 ,14.38 
9854.70 ,51.77 ,14.38 
9805.71 ,51.53 ,14.35 
9694.43 ,51.30 ,14.30 
9661.29 ,51.06 ,14.28 
9568.19 ,50.84 ,14.23 
9593.52 ,50.61 ,14.25 
9428.04 ,50.42 ,14.16 
9315.06 ,50.21 ,14.11 
9334.17 ,49.98 ,14.12 
9168.97 ,49.79 ,14.03 
9181.31 ,49.56 ,14.04 
9185.15 ,49.37 ,14.04 
9045.49 ,49.22 ,13.97 
9013.23 ,49.04 ,13.95 
8911.58 ,48.88 ,13.90 
8809.55 ,48.71 ,13.85 
8833.46 ,48.52 ,13.86 
8604.43 ,48.37 ,13.74 
8795.55 ,48.17 ,13.84 
8580.58 ,48.06 ,13.73 
8542.61 ,47.90 ,13.71 
8420.48 ,47.75 ,13.64 
8319.88 ,47.59 ,13.59 
8219.83 ,47.41 ,13.53 
8331.33 ,47.21 ,13.60 
8119.97 ,47.09 ,13.48 
8095.10 ,46.92 ,13.47 
8067.85 ,46.76 ,13.45 
7961.93 ,46.62 ,13.39 
7971.37 ,46.47 ,13.40 
7907.12 ,46.35 ,13.36 
7813.83 ,46.23 ,13.31 
7817.54 ,46.10 ,13.31 
7686.42 ,45.99 ,13.24 
7652.46 ,45.86 ,13.22 
7673.85 ,45.74 ,13.23 
7588.40 ,45.65 ,13.18 
7550.27 ,45.55 ,13.16 
7543.15 ,45.46 ,13.15 
7452.49 ,45.39 ,13.10 
7375.79 ,45.30 ,13.06 
7347.74 ,45.20 ,13.04 
7316.67 ,45.11 ,13.02 
7153.91 ,45.03 ,12.92 
7182.80 ,44.90 ,12.94 
7088.22 ,44.80 ,12.88 
7129.22 ,44.69 ,12.91 
7102.20 ,44.61 ,12.89 
7068.47 ,44.55 ,12.87 
6930.79 ,44.49 ,12.79 
6907.35 ,44.40 ,12.77 
6945.23 ,44.31 ,12.80 
6859.62 ,44.25 ,12.74 
6794.15 ,44.18 ,12.70 
6763.93 ,44.10 ,12.68 
6741.84 ,44.03 ,12.67 
6733.24 ,43.96 ,12.66 
6639.35 ,43.90 ,12.60 
6587.70 ,43.83 ,12.57 
6592.40 ,43.75 ,12.57 
6563.28 ,43.68 ,12.56 
6518.88 ,43.62 ,12.53 
6518.71 ,43.56 ,12.53 
6570.93 ,43.52 ,12.56 
6477.96 ,43.51 ,12.50 
6337.24 ,43.49 ,12.41 
6346.51 ,43.41 ,12.42 
6253.77 ,43.34 ,12.35 
6266.75 ,43.25 ,12.36 
6329.76 ,43.17 ,12.41 
6321.90 ,43.15 ,12.40 
6326.60 ,43.13 ,12.40 
6164.02 ,43.14 ,12.29 
6211.65 ,43.09 ,12.33 
6125.23 ,43.06 ,12.27 
6185.64 ,43.01 ,12.31 
6153.40 ,42.99 ,12.29 
6065.10 ,42.97 ,12.23 
5957.45 ,42.93 ,12.15 
6035.22 ,42.84 ,12.21 
5966.08 ,42.80 ,12.16 
5952.56 ,42.74 ,12.15 
5961.21 ,42.69 ,12.16 
5897.14 ,42.65 ,12.11 
6015.26 ,42.60 ,12.20 
5917.07 ,42.61 ,12.13 
5877.77 ,42.60 ,12.10 
5893.42 ,42.57 ,12.11 
5814.67 ,42.56 ,12.06 
5917.51 ,42.52 ,12.13 
5827.16 ,42.53 ,12.07 
5858.76 ,42.52 ,12.09 
5822.77 ,42.53 ,12.06 
5752.25 ,42.52 ,12.01 
5768.56 ,42.50 ,12.02 
5804.60 ,42.48 ,12.05 
5827.64 ,42.48 ,12.07 
5796.32 ,42.51 ,12.04 
5805.97 ,42.53 ,12.05 
5728.40 ,42.56 ,12.00 
5823.27 ,42.55 ,12.06 
5845.44 ,42.59 ,12.08 
5797.42 ,42.65 ,12.04 
5684.97 ,42.69 ,11.97 
5759.66 ,42.67 ,12.02 
5753.63 ,42.69 ,12.01 
5714.53 ,42.71 ,11.99 
5730.83 ,42.71 ,12.00 
5705.28 ,42.73 ,11.98 
5742.14 ,42.73 ,12.01 
5737.66 ,42.76 ,12.00 
5764.93 ,42.78 ,12.02 
5739.96 ,42.82 ,12.00 
5738.33 ,42.85 ,12.00 
5752.55 ,42.88 ,12.01 
5726.48 ,42.91 ,12.00 
5672.64 ,42.94 ,11.96 
5777.11 ,42.94 ,12.03 
5745.43 ,42.98 ,12.01 
5772.95 ,43.01 ,12.03 
5808.44 ,43.05 ,12.05 
5755.25 ,43.11 ,12.02 
5739.16 ,43.15 ,12.00 
5710.35 ,43.17 ,11.99 
5767.52 ,43.18 ,12.02 
5869.08 ,43.21 ,12.09 
5832.61 ,43.29 ,12.07 
5871.19 ,43.35 ,12.10 
5923.26 ,43.42 ,12.13 
5844.91 ,43.52 ,12.08 
5911.78 ,43.58 ,12.12 
5971.46 ,43.65 ,12.16 
5855.94 ,43.75 ,12.09 
5878.28 ,43.79 ,12.10 
5930.59 ,43.83 ,12.14 
5969.37 ,43.89 ,12.16 
5936.63 ,43.96 ,12.14 
5964.60 ,44.01 ,12.16 
5913.24 ,44.07 ,12.13 
5962.22 ,44.10 ,12.16 
6063.23 ,44.14 ,12.23 
6154.72 ,44.22 ,12.29 
6073.38 ,44.34 ,12.24 
6217.53 ,44.42 ,12.33 
6133.04 ,44.55 ,12.28 
6126.97 ,44.64 ,12.27 
6234.34 ,44.71 ,12.34 
6164.91 ,44.81 ,12.30 
6347.94 ,44.88 ,12.42 
6240.61 ,45.01 ,12.35 
6293.21 ,45.09 ,12.38 
6331.94 ,45.18 ,12.41 
6295.52 ,45.27 ,12.39 
6428.49 ,45.34 ,12.47 
6409.86 ,45.45 ,12.46 
6554.87 ,45.55 ,12.55 
6431.06 ,45.69 ,12.47 
6518.41 ,45.78 ,12.53 
6497.96 ,45.88 ,12.52 
6551.07 ,45.96 ,12.55 
6611.96 ,46.05 ,12.59 
6643.94 ,46.15 ,12.61 
6646.76 ,46.25 ,12.61 
6750.02 ,46.35 ,12.68 
6898.84 ,46.47 ,12.77 
6787.49 ,46.63 ,12.70 
6842.61 ,46.75 ,12.74 
6800.55 ,46.87 ,12.71 
6989.80 ,46.95 ,12.83 
6938.73 ,47.08 ,12.80 
6958.16 ,47.19 ,12.81 
6983.26 ,47.29 ,12.82 
7139.48 ,47.38 ,12.92 
7153.72 ,47.52 ,12.93 
7081.45 ,47.65 ,12.89 
7317.79 ,47.74 ,13.02 
7248.57 ,47.90 ,12.98 
7285.27 ,48.02 ,13.01 
7343.08 ,48.14 ,13.04 
7442.64 ,48.26 ,13.10 
7431.00 ,48.39 ,13.09 
7542.29 ,48.52 ,13.16 
7617.07 ,48.66 ,13.20 
7648.97 ,48.81 ,13.22 
7708.47 ,48.96 ,13.25 
7754.29 ,49.11 ,13.28 
7815.57 ,49.26 ,13.32 
7740.82 ,49.41 ,13.28 
7873.13 ,49.51 ,13.35 
7936.06 ,49.63 ,13.39 
8078.22 ,49.77 ,13.46 
7970.86 ,49.93 ,13.41 
8117.26 ,50.04 ,13.49 
8153.31 ,50.18 ,13.51 
8253.91 ,50.31 ,13.56 
8335.66 ,50.46 ,13.61 
8405.84 ,50.62 ,13.65 
8380.49 ,50.78 ,13.63 
8445.04 ,50.91 ,13.67 
8489.86 ,51.04 ,13.69 
8670.78 ,51.17 ,13.79 
8671.33 ,51.33 ,13.79 
8691.59 ,51.48 ,13.80 
8920.79 ,51.61 ,13.92 
8863.36 ,51.80 ,13.89 
8938.93 ,51.95 ,13.93 
8965.51 ,52.10 ,13.95 
9042.98 ,52.24 ,13.99 
9186.79 ,52.37 ,14.06 
9136.52 ,52.53 ,14.04 
9363.47 ,52.66 ,14.15 
9387.04 ,52.83 ,14.16 
9381.31 ,53.00 ,14.16 
9491.55 ,53.14 ,14.21 
9523.34 ,53.28 ,14.23 
9710.21 ,53.42 ,14.32 
9758.91 ,53.59 ,14.35 
9750.91 ,53.76 ,14.34 
9857.51 ,53.90 ,14.40 
10014.89 ,54.04 ,14.47 
9994.84 ,54.22 ,14.46 
10082.93 ,54.36 ,14.51 
10158.21 ,54.51 ,14.54 
10171.00 ,54.65 ,14.55 
10311.27 ,54.78 ,14.61 
10527.39 ,54.92 ,14.71 
10385.65 ,55.11 ,14.65 
10639.65 ,55.23 ,14.77 
10733.13 ,55.41 ,14.81 
10627.46 ,55.59 ,14.77 
10872.77 ,55.71 ,14.87 
10843.44 ,55.88 ,14.86 
11037.53 ,56.01 ,14.95 
11017.88 ,56.18 ,14.94 
11194.42 ,56.32 ,15.02 
11272.92 ,56.48 ,15.06 
11357.17 ,56.65 ,15.09 
11298.61 ,56.81 ,15.07 
11401.18 ,56.93 ,15.12 
11667.27 ,57.05 ,15.23 
11647.83 ,57.23 ,15.22 
11572.68 ,57.38 ,15.19 
11773.93 ,57.47 ,15.28 
11913.31 ,57.60 ,15.34 
11920.53 ,57.75 ,15.34 
12200.37 ,57.88 ,15.46 
12198.14 ,58.06 ,15.46 
12255.98 ,58.23 ,15.48 
12346.84 ,58.38 ,15.52 
12335.27 ,58.52 ,15.52 
12568.73 ,58.64 ,15.61 
12577.43 ,58.80 ,15.62 
12734.08 ,58.93 ,15.68 
12877.30 ,59.09 ,15.74 
12788.56 ,59.26 ,15.71 
13012.63 ,59.38 ,15.80 
13036.97 ,59.53 ,15.81 
13109.73 ,59.66 ,15.84 
13341.71 ,59.79 ,15.93 
13415.30 ,59.96 ,15.96 
13424.96 ,60.12 ,15.96 
13449.99 ,60.26 ,15.97 
13512.93 ,60.38 ,16.00 
13636.75 ,60.48 ,16.05 
13798.61 ,60.59 ,16.11 
13977.58 ,60.73 ,16.18 
14052.60 ,60.89 ,16.21 
13913.51 ,61.05 ,16.16 
14101.67 ,61.15 ,16.23 
14215.79 ,61.26 ,16.27 
14433.81 ,61.38 ,16.35 
14302.97 ,61.54 ,16.31 
14534.75 ,61.64 ,16.39 
14702.90 ,61.77 ,16.45 
14579.85 ,61.92 ,16.41 
14820.10 ,62.02 ,16.50 
14908.31 ,62.15 ,16.53 
14920.50 ,62.29 ,16.53 
14954.01 ,62.40 ,16.55 
15099.00 ,62.49 ,16.60 
15361.70 ,62.59 ,16.69 
15296.71 ,62.75 ,16.67 
15407.75 ,62.87 ,16.71 
15514.10 ,62.98 ,16.75 
15422.63 ,63.10 ,16.72 
15660.10 ,63.17 ,16.80 
15875.60 ,63.28 ,16.88 
15648.99 ,63.42 ,16.80 
16032.00 ,63.48 ,16.93 
15762.28 ,63.62 ,16.84 
15978.42 ,63.66 ,16.92 
16076.27 ,63.73 ,16.95 
16296.75 ,63.81 ,17.02 
16184.40 ,63.93 ,16.99 
16487.96 ,64.00 ,17.09 
16306.42 ,64.12 ,17.03 
16486.19 ,64.18 ,17.09 
16816.77 ,64.26 ,17.20 
16617.05 ,64.40 ,17.14 
16947.70 ,64.48 ,17.24 
16632.95 ,64.61 ,17.14 
16828.52 ,64.64 ,17.21 
17004.34 ,64.70 ,17.27 
17194.11 ,64.78 ,17.33 
17411.37 ,64.90 ,17.40 
17380.03 ,65.05 ,17.39 
17285.02 ,65.17 ,17.36 
17217.10 ,65.25 ,17.34 
17289.38 ,65.27 ,17.36 
17379.71 ,65.29 ,17.39 
17597.22 ,65.32 ,17.46 
17615.39 ,65.39 ,17.47 
17562.95 ,65.45 ,17.45 
17757.50 ,65.48 ,17.51 
17621.54 ,65.54 ,17.47 
17929.77 ,65.55 ,17.57 
18046.08 ,65.62 ,17.61 
18113.60 ,65.71 ,17.63 
18080.80 ,65.80 ,17.62 
18022.25 ,65.86 ,17.60 
18287.40 ,65.89 ,17.68 
18185.96 ,65.96 ,17.65 
18281.10 ,66.00 ,17.68 
18157.84 ,66.04 ,17.65 
18252.01 ,66.04 ,17.68 
18506.57 ,66.04 ,17.75 
18586.81 ,66.09 ,17.78 
18473.45 ,66.16 ,17.74 
18483.40 ,66.19 ,17.75 
18649.41 ,66.19 ,17.80 
18721.22 ,66.23 ,17.82 
18536.56 ,66.28 ,17.77 
18866.60 ,66.26 ,17.87 
18839.85 ,66.32 ,17.86 
18831.68 ,66.36 ,17.86 
18820.75 ,66.38 ,17.85 
18734.65 ,66.39 ,17.83 
18824.30 ,66.36 ,17.85 
18857.75 ,66.34 ,17.86 
18912.26 ,66.33 ,17.88 
19093.23 ,66.32 ,17.93 
19147.58 ,66.35 ,17.95 
19234.80 ,66.39 ,17.98 
19031.66 ,66.45 ,17.92 
18966.73 ,66.44 ,17.90 
19151.78 ,66.40 ,17.95 
19218.87 ,66.39 ,17.97 
19273.65 ,66.40 ,17.99 
19117.17 ,66.42 ,17.94 
19078.57 ,66.39 ,17.93 
19306.81 ,66.35 ,18.00 
19279.01 ,66.35 ,17.99 
19164.88 ,66.35 ,17.96 
19379.43 ,66.31 ,18.02 
19250.11 ,66.32 ,17.98 
19249.99 ,66.29 ,17.98 
19330.06 ,66.26 ,18.00 
19270.74 ,66.24 ,17.99 
19214.22 ,66.21 ,17.97 
19433.03 ,66.16 ,18.03 
19280.06 ,66.16 ,17.99 
19292.01 ,66.13 ,17.99 
19230.90 ,66.09 ,17.97 
19367.22 ,66.04 ,18.01 
19374.40 ,66.02 ,18.02 
19346.34 ,66.00 ,18.01 
19114.14 ,65.97 ,17.94 
19245.10 ,65.89 ,17.98 
19226.22 ,65.83 ,17.97 
19118.60 ,65.78 ,17.94 
19252.07 ,65.70 ,17.98 
19220.57 ,65.65 ,17.97 
19236.32 ,65.61 ,17.97 
19321.11 ,65.57 ,18.00 
19072.45 ,65.55 ,17.92 
19013.74 ,65.48 ,17.90 
19085.57 ,65.39 ,17.92 
19015.73 ,65.32 ,17.90 
19086.36 ,65.24 ,17.92 
19125.22 ,65.18 ,17.93 
19128.25 ,65.14 ,17.94 
18879.38 ,65.11 ,17.86 
19046.14 ,65.02 ,17.91 
19105.26 ,64.98 ,17.93 
18865.91 ,64.96 ,17.85 
18705.04 ,64.88 ,17.80 
18642.59 ,64.76 ,17.78 
18745.43 ,64.63 ,17.81 
18765.28 ,64.54 ,17.82 
18579.49 ,64.47 ,17.76 
18627.44 ,64.36 ,17.78 
18727.28 ,64.27 ,17.81 
18388.54 ,64.22 ,17.70 
18461.04 ,64.10 ,17.72 
18497.55 ,64.00 ,17.73 
18271.17 ,63.92 ,17.66 
18281.41 ,63.80 ,17.66 
18218.67 ,63.69 ,17.64 
18251.46 ,63.57 ,17.65 
18184.79 ,63.49 ,17.63 
18267.44 ,63.39 ,17.66 
18036.52 ,63.34 ,17.58 
17934.88 ,63.24 ,17.55 
17886.23 ,63.12 ,17.54 
18047.87 ,63.00 ,17.59 
18005.93 ,62.93 ,17.57 
17732.41 ,62.88 ,17.49 
17664.94 ,62.77 ,17.46 
17621.89 ,62.64 ,17.45 
17482.86 ,62.52 ,17.40 
17399.82 ,62.38 ,17.37 
17338.64 ,62.23 ,17.35 
17276.95 ,62.09 ,17.33 
17212.17 ,61.94 ,17.31 
17064.35 ,61.81 ,17.26 
17172.03 ,61.65 ,17.30 
17008.97 ,61.54 ,17.24 
16905.05 ,61.42 ,17.21 
17136.57 ,61.28 ,17.29 
16789.08 ,61.23 ,17.17 
16835.19 ,61.10 ,17.18 
16711.20 ,61.00 ,17.14 
16486.90 ,60.89 ,17.06 
16562.85 ,60.73 ,17.09 
16591.19 ,60.61 ,17.10 
16459.24 ,60.52 ,17.06 
16300.28 ,60.42 ,17.00 
16381.45 ,60.29 ,17.03 
16078.52 ,60.21 ,16.92 
16028.63 ,60.06 ,16.91 
16103.29 ,59.91 ,16.93 
16012.18 ,59.80 ,16.90 
15735.92 ,59.70 ,16.80 
15639.55 ,59.54 ,16.77 
15721.39 ,59.36 ,16.80 
15502.86 ,59.24 ,16.72 
15429.50 ,59.08 ,16.69 
15374.96 ,58.92 ,16.67 
15203.48 ,58.77 ,16.61 
15115.91 ,58.60 ,16.58 
15195.81 ,58.43 ,16.61 
14928.79 ,58.31 ,16.51 
14893.82 ,58.14 ,16.50 
14868.56 ,57.99 ,16.49 
14734.45 ,57.85 ,16.44 
14629.47 ,57.71 ,16.40 
14632.54 ,57.55 ,16.40 
14310.04 ,57.43 ,16.28 
14311.71 ,57.24 ,16.28 
14310.44 ,57.06 ,16.28 
14269.61 ,56.92 ,16.26 
14051.02 ,56.80 ,16.18 
14099.15 ,56.65 ,16.20 
13895.36 ,56.53 ,16.12 
13914.47 ,56.37 ,16.13 
13616.32 ,56.25 ,16.01 
13612.78 ,56.07 ,16.01 
13669.36 ,55.90 ,16.03 
13531.11 ,55.79 ,15.98 
13184.90 ,55.67 ,15.84 
13226.97 ,55.46 ,15.86 
13104.54 ,55.29 ,15.81 
13022.18 ,55.11 ,15.78 
13043.00 ,54.94 ,15.79 
13022.90 ,54.81 ,15.78 
12757.28 ,54.70 ,15.67 
12909.66 ,54.54 ,15.73 
12778.68 ,54.45 ,15.68 
12582.56 ,54.36 ,15.60 
12548.22 ,54.22 ,15.58 
12356.90 ,54.10 ,15.50 
12273.38 ,53.94 ,15.47 
12238.20 ,53.77 ,15.45 
12129.69 ,53.63 ,15.41 
11974.39 ,53.48 ,15.34 
12055.10 ,53.31 ,15.38 
11833.77 ,53.19 ,15.28 
11918.96 ,53.04 ,15.32 
11730.64 ,52.93 ,15.24 
11612.89 ,52.80 ,15.19 
11510.72 ,52.66 ,15.14 
11363.09 ,52.50 ,15.08 
11432.07 ,52.32 ,15.11 
11189.94 ,52.20 ,15.00 
11174.83 ,52.03 ,14.99 
11056.76 ,51.89 ,14.94 
11116.11 ,51.74 ,14.97 
11214.22 ,51.64 ,15.02 
11193.16 ,51.61 ,15.01 
11138.31 ,51.61 ,14.98 
11179.07 ,51.60 ,15.00 
11178.96 ,51.62 ,15.00 
11183.60 ,51.67 ,15.00 
11116.16 ,51.72 ,14.97 
11166.58 ,51.76 ,14.99 
11218.09 ,51.83 ,15.02 
11311.82 ,51.92 ,15.06 
11194.34 ,52.05 ,15.00 
11416.42 ,52.15 ,15.10 
11126.55 ,52.32 ,14.97 
11265.29 ,52.39 ,15.03 
11242.27 ,52.50 ,15.02 
11213.06 ,52.60 ,15.01 
11341.08 ,52.69 ,15.07 
11124.60 ,52.82 ,14.97 
11278.38 ,52.87 ,15.04 
11218.65 ,52.97 ,15.01 
11295.08 ,53.05 ,15.04 
11153.67 ,53.15 ,14.98 
11191.59 ,53.21 ,15.00 
11167.28 ,53.26 ,14.99 
11180.35 ,53.31 ,14.99 
11203.12 ,53.36 ,15.00 
11196.84 ,53.42 ,15.00 
11221.00 ,53.47 ,15.01 
11287.60 ,53.53 ,15.04 
11149.56 ,53.61 ,14.98 
11224.48 ,53.65 ,15.01 
11208.62 ,53.70 ,15.01 
11278.64 ,53.74 ,15.04 
11103.55 ,53.81 ,14.96 
11081.98 ,53.82 ,14.95 
11114.34 ,53.81 ,14.96 
11229.02 ,53.81 ,15.01 
11152.27 ,53.85 ,14.98 
11138.38 ,53.87 ,14.97 
11050.63 ,53.89 ,14.94 
11143.65 ,53.87 ,14.98 
11135.59 ,53.88 ,14.97 
11123.81 ,53.89 ,14.97 
11259.90 ,53.90 ,15.03 
11242.01 ,53.96 ,15.02 
11095.83 ,54.01 ,14.96 
11181.64 ,54.01 ,14.99 
11175.00 ,54.03 ,14.99 
11179.65 ,54.05 ,14.99 
11314.72 ,54.07 ,15.05 
11184.79 ,54.14 ,15.00 
11043.88 ,54.16 ,14.93 
11147.73 ,54.13 ,14.98 
11240.58 ,54.13 ,15.02 
11245.18 ,54.16 ,15.02 
11226.46 ,54.19 ,15.01 
11219.09 ,54.22 ,15.01 
11039.99 ,54.24 ,14.93 
11175.37 ,54.21 ,14.99 
11129.87 ,54.20 ,14.97 
11213.92 ,54.19 ,15.01 
11250.09 ,54.21 ,15.03 
11129.90 ,54.24 ,14.97 
11141.48 ,54.23 ,14.98 
11214.42 ,54.22 ,15.01 
11233.72 ,54.24 ,15.02 
11197.13 ,54.26 ,15.00 
11194.70 ,54.27 ,15.00 
11179.94 ,54.28 ,14.99 
11196.13 ,54.28 ,15.00 
11130.17 ,54.28 ,14.97 
11345.68 ,54.27 ,15.07 
11162.99 ,54.32 ,14.99 
11292.70 ,54.32 ,15.04 
11230.32 ,54.35 ,15.02 
11160.62 ,54.36 ,14.99 
11187.55 ,54.35 ,15.00 
11215.14 ,54.34 ,15.01 
11172.68 ,54.35 ,14.99 
11256.14 ,54.33 ,15.03 
11279.34 ,54.35 ,15.04 
11103.59 ,54.37 ,14.96 
11165.71 ,54.34 ,14.99 
11264.28 ,54.32 ,15.03 
11098.05 ,54.34 ,14.96 
11086.56 ,54.31 ,14.95 
11157.91 ,54.26 ,14.98 
11142.26 ,54.25 ,14.98 
11219.03 ,54.23 ,15.01 
11219.77 ,54.24 ,15.01 
11117.88 ,54.25 ,14.97 
11093.54 ,54.23 ,14.96 
11192.08 ,54.20 ,15.00 
11192.30 ,54.21 ,15.00 
11188.73 ,54.21 ,15.00 
11124.21 ,54.22 ,14.97 
11259.21 ,54.21 ,15.03 
11166.37 ,54.23 ,14.99 
11140.47 ,54.23 ,14.98 
11125.14 ,54.22 ,14.97 
11209.78 ,54.21 ,15.01 
11224.14 ,54.22 ,15.01 
11178.02 ,54.24 ,14.99 
11338.54 ,54.24 ,15.06 
11078.19 ,54.30 ,14.95 
11161.17 ,54.27 ,14.99 
11265.47 ,54.26 ,15.03 
11136.96 ,54.28 ,14.98 
11219.42 ,54.27 ,15.01 
11129.24 ,54.28 ,14.97 
11254.40 ,54.26 ,15.03 
11160.82 ,54.29 ,14.99 
11152.36 ,54.28 ,14.98 
11134.90 ,54.27 ,14.97 
11188.13 ,54.25 ,15.00 
11326.81 ,54.25 ,15.06 
11115.55 ,54.30 ,14.97 
11250.27 ,54.28 ,15.03 
11087.96 ,54.30 ,14.95 
11152.53 ,54.27 ,14.98 
11128.86 ,54.25 ,14.97 
11233.02 ,54.23 ,15.02 
11120.76 ,54.25 ,14.97 
11143.06 ,54.23 ,14.98 
11218.00 ,54.22 ,15.01 
11324.16 ,54.23 ,15.06 
11079.01 ,54.28 ,14.95 
11079.43 ,54.26 ,14.95 
11180.98 ,54.22 ,14.99 
11233.30 ,54.22 ,15.02 
11246.84 ,54.24 ,15.02 
11227.15 ,54.27 ,15.02 
11167.64 ,54.29 ,14.99 
11266.76 ,54.28 ,15.03 
11225.00 ,54.31 ,15.01 
11185.56 ,54.33 ,15.00 
11186.21 ,54.32 ,15.00 
11205.80 ,54.32 ,15.01 
11221.82 ,54.32 ,15.01 
11293.45 ,54.33 ,15.04 
11152.74 ,54.36 ,14.98 
11165.55 ,54.35 ,14.99 
11169.36 ,54.33 ,14.99 
11142.88 ,54.32 ,14.98 
11145.23 ,54.30 ,14.98 
11166.21 ,54.28 ,14.99 
11298.75 ,54.27 ,15.05 
11300.30 ,54.30 ,15.05 
11124.15 ,54.34 ,14.97 
11199.39 ,54.32 ,15.00 
11028.25 ,54.32 ,14.93 
11288.87 ,54.26 ,15.04 
11190.55 ,54.28 ,15.00 
11162.93 ,54.29 ,14.99 
11231.69 ,54.28 ,15.02 
11172.10 ,54.29 ,14.99 
11327.37 ,54.28 ,15.06 
11127.65 ,54.33 ,14.97 
11138.54 ,54.31 ,14.98 
11273.57 ,54.29 ,15.04 
11191.40 ,54.31 ,15.00 
11294.92 ,54.31 ,15.05 
11183.78 ,54.34 ,15.00 
11223.27 ,54.34 ,15.01 
11160.86 ,54.34 ,14.99 
11293.57 ,54.33 ,15.04 
11018.67 ,54.35 ,14.92 
11127.17 ,54.29 ,14.97 
11211.28 ,54.26 ,15.01 
11244.48 ,54.26 ,15.02 
11176.19 ,54.28 ,14.99 
11224.46 ,54.28 ,15.01 
11155.34 ,54.29 ,14.98 
11215.05 ,54.28 ,15.01 
11149.03 ,54.28 ,14.98 
11333.91 ,54.27 ,15.06 
11190.71 ,54.31 ,15.00 
11203.37 ,54.32 ,15.01 
11203.60 ,54.32 ,15.01 
11313.74 ,54.32 ,15.05 
11182.52 ,54.35 ,15.00 
11208.91 ,54.35 ,15.01 
11068.43 ,54.35 ,14.95 
11064.17 ,54.30 ,14.94 
11172.49 ,54.25 ,14.99 
11337.27 ,54.24 ,15.06 
11151.62 ,54.28 ,14.98 
11228.09 ,54.28 ,15.02 
11210.64 ,54.29 ,15.01 
11169.90 ,54.29 ,14.99 
11231.93 ,54.29 ,15.02 
11084.31 ,54.30 ,14.95 
11277.23 ,54.26 ,15.04 
11198.67 ,54.29 ,15.00 
11208.86 ,54.29 ,15.01 
11067.59 ,54.30 ,14.95 
11269.08 ,54.26 ,15.03 
11160.88 ,54.28 ,14.99 
11215.61 ,54.27 ,15.01 
11090.85 ,54.28 ,14.96 
11184.13 ,54.25 ,15.00 
11179.05 ,54.24 ,14.99 
11182.51 ,54.24 ,15.00 
11019.08 ,54.24 ,14.92 
11142.00 ,54.19 ,14.98 
11228.24 ,54.17 ,15.02 
11163.19 ,54.19 ,14.99 
11169.89 ,54.19 ,14.99 
11073.87 ,54.20 ,14.95 
11258.14 ,54.17 ,15.03 
11163.75 ,54.20 ,14.99 
11155.77 ,54.20 ,14.98 
11176.38 ,54.20 ,14.99 
11256.77 ,54.21 ,15.03 
11237.00 ,54.24 ,15.02 
11212.61 ,54.27 ,15.01 
11147.22 ,54.28 ,14.98 
11090.95 ,54.27 ,14.96 
11226.22 ,54.24 ,15.01 
11135.07 ,54.26 ,14.97 
11107.29 ,54.25 ,14.96 
11192.04 ,54.22 ,15.00 
11066.64 ,54.23 ,14.94 
11283.03 ,54.19 ,15.04 
11214.66 ,54.23 ,15.01 
11185.60 ,54.25 ,15.00 
11199.03 ,54.26 ,15.00 
11274.75 ,54.27 ,15.04 
11247.33 ,54.30 ,15.02 
11208.99 ,54.33 ,15.01 
11174.75 ,54.34 ,14.99 
11191.78 ,54.33 ,15.00 
11209.47 ,54.33 ,15.01 
11173.14 ,54.34 ,14.99 
11288.90 ,54.33 ,15.04 
11190.66 ,54.36 ,15.00 
11144.71 ,54.36 ,14.98 
11307.30 ,54.34 ,15.05 
11207.03 ,54.37 ,15.01 
11167.75 ,54.37 ,14.99 
11144.66 ,54.36 ,14.98 
11169.99 ,54.34 ,14.99 
11104.51 ,54.32 ,14.96 
11162.19 ,54.29 ,14.99 
11103.14 ,54.27 ,14.96 
11180.93 ,54.24 ,14.99 
11273.80 ,54.24 ,15.04 
11130.86 ,54.27 ,14.97 
11112.23 ,54.25 ,14.96 
11216.05 ,54.23 ,15.01 
11347.34 ,54.24 ,15.07 
11076.20 ,54.30 ,14.95 
11184.10 ,54.27 ,15.00 
11157.84 ,54.27 ,14.98 
11250.34 ,54.26 ,15.03 
11198.73 ,54.28 ,15.00 
11051.96 ,54.29 ,14.94 
11271.35 ,54.24 ,15.03 
11229.26 ,54.27 ,15.02 
11272.25 ,54.29 ,15.04 
11280.22 ,54.32 ,15.04 
11091.76 ,54.35 ,14.96 
11190.52 ,54.32 ,15.00 
11152.12 ,54.31 ,14.98 
11190.78 ,54.30 ,15.00 
11166.16 ,54.29 ,14.99 
11206.56 ,54.29 ,15.01 
11309.28 ,54.29 ,15.05 
11213.75 ,54.33 ,15.01 
11260.84 ,54.34 ,15.03 
11168.55 ,54.36 ,14.99 
11216.02 ,54.35 ,15.01 
11232.04 ,54.35 ,15.02 
11330.96 ,54.36 ,15.06 
11250.22 ,54.40 ,15.03 
11265.37 ,54.41 ,15.03 
11084.09 ,54.43 ,14.95 
11305.77 ,54.38 ,15.05 
11163.31 ,54.40 ,14.99 
11121.78 ,54.39 ,14.97 
11313.69 ,54.35 ,15.05 
11176.94 ,54.37 ,14.99 
11177.42 ,54.36 ,14.99 
11119.76 ,54.35 ,14.97 
11066.43 ,54.31 ,14.94 
11186.43 ,54.26 ,15.00 
11164.54 ,54.25 ,14.99 
11052.01 ,54.24 ,14.94 
11219.86 ,54.20 ,15.01 
11127.05 ,54.20 ,14.97 
11170.89 ,54.19 ,14.99 
11130.52 ,54.19 ,14.97 
11044.64 ,54.17 ,14.93 
11196.18 ,54.13 ,15.00 
11154.84 ,54.14 ,14.98 
11151.63 ,54.14 ,14.98 
11204.39 ,54.15 ,15.00 
11104.28 ,54.16 ,14.96 
11153.41 ,54.15 ,14.98 
11210.74 ,54.15 ,15.01 
11210.00 ,54.17 ,15.01 
11121.94 ,54.20 ,14.97 
11144.92 ,54.19 ,14.98 
11230.36 ,54.19 ,15.02 
11223.93 ,54.21 ,15.01 
11258.30 ,54.23 ,15.03 
11279.19 ,54.27 ,15.04 
11144.96 ,54.31 ,14.98 
11013.03 ,54.30 ,14.92 
11162.11 ,54.25 ,14.99 
11185.44 ,54.24 ,15.00 
11211.14 ,54.24 ,15.01 
11226.51 ,54.25 ,15.01 
11222.11 ,54.27 ,15.01 
11203.20 ,54.29 ,15.00 
11138.64 ,54.30 ,14.98 
11162.13 ,54.29 ,14.99 
11196.05 ,54.28 ,15.00 
11206.87 ,54.29 ,15.01 
11216.48 ,54.30 ,15.01 
11211.92 ,54.31 ,15.01 
11232.83 ,54.32 ,15.02 
11217.04 ,54.33 ,15.01 
11206.51 ,54.34 ,15.01 
11179.29 ,54.35 ,14.99 
11099.62 ,54.34 ,14.96 
11279.14 ,54.31 ,15.04 
11265.61 ,54.33 ,15.03 
11250.41 ,54.36 ,15.03 
11193.30 ,54.38 ,15.00 
11242.38 ,54.37 ,15.02 
11276.45 ,54.38 ,15.04 
11221.32 ,54.41 ,15.01 
11116.70 ,54.41 ,14.97 
11246.16 ,54.38 ,15.02 
11126.22 ,54.38 ,14.97 
11143.94 ,54.35 ,14.98 
11184.93 ,54.32 ,15.00 
11162.89 ,54.31 ,14.99 
11211.17 ,54.30 ,15.01 
11145.89 ,54.30 ,14.98 
11244.34 ,54.28 ,15.02 
11245.92 ,54.30 ,15.02 
11144.56 ,54.32 ,14.98 
11217.16 ,54.30 ,15.01 
11254.00 ,54.31 ,15.03 
11262.59 ,54.32 ,15.03 
11347.42 ,54.35 ,15.07 
11241.61 ,54.40 ,15.02 
11382.07 ,54.41 ,15.08 
11205.10 ,54.46 ,15.01 
11222.88 ,54.46 ,15.01 
11036.03 ,54.45 ,14.93 
11331.86 ,54.39 ,15.06 
11180.76 ,54.41 ,15.00 
11198.27 ,54.39 ,15.00 
11204.39 ,54.38 ,15.01 
11234.58 ,54.37 ,15.02 
11021.35 ,54.37 ,14.93 
11254.98 ,54.31 ,15.03 
11155.91 ,54.31 ,14.98 
11219.66 ,54.29 ,15.01 
11158.99 ,54.29 ,14.99 
11116.74 ,54.28 ,14.97 
11099.11 ,54.25 ,14.96 
11113.18 ,54.22 ,14.96 
11114.45 ,54.19 ,14.97 
11064.36 ,54.16 ,14.94 
11104.51 ,54.13 ,14.96 
11268.83 ,54.10 ,15.03 
11187.87 ,54.14 ,15.00 
11143.76 ,54.16 ,14.98 
11128.09 ,54.16 ,14.97 
11197.37 ,54.15 ,15.00 
11142.13 ,54.16 ,14.98 
11226.39 ,54.16 ,15.01 
11317.24 ,54.19 ,15.05 
11191.26 ,54.24 ,15.00 
11170.70 ,54.26 ,14.99 
11216.99 ,54.26 ,15.01 
11228.66 ,54.28 ,15.02 
11135.95 ,54.29 ,14.98 
11226.11 ,54.28 ,15.01 
11184.21 ,54.29 ,15.00 
11244.11 ,54.30 ,15.02 
11115.81 ,54.31 ,14.97 
11310.38 ,54.29 ,15.05 
11213.57 ,54.33 ,15.01 
11307.53 ,54.34 ,15.05 
11189.89 ,54.38 ,15.00 
11129.27 ,54.38 ,14.97 
11212.29 ,54.35 ,15.01 
11161.23 ,54.35 ,14.99 
11091.57 ,54.34 ,14.96 
11168.82 ,54.30 ,14.99 
11162.18 ,54.28 ,14.99 
11234.13 ,54.27 ,15.02 
11161.22 ,54.28 ,14.99 
11133.57 ,54.28 ,14.97 
11233.50 ,54.26 ,15.02 
11171.38 ,54.27 ,14.99 
11238.51 ,54.27 ,15.02 
11225.13 ,54.29 ,15.01 
11194.18 ,54.30 ,15.00 
11162.48 ,54.31 ,14.99 
11258.21 ,54.30 ,15.03 
11152.88 ,54.32 ,14.98 
11213.77 ,54.31 ,15.01 
11173.13 ,54.31 ,14.99 
11249.72 ,54.31 ,15.03 
11189.28 ,54.32 ,15.00 
11103.86 ,54.32 ,14.96 
11221.24 ,54.29 ,15.01 
11251.83 ,54.30 ,15.03 
11018.86 ,54.32 ,14.92 
11211.60 ,54.26 ,15.01 
11283.17 ,54.26 ,15.04 
11184.70 ,54.29 ,15.00 
11222.78 ,54.30 ,15.01 
11140.28 ,54.31 ,14.98 
11201.04 ,54.29 ,15.00 
11225.99 ,54.29 ,15.01 
11208.58 ,54.31 ,15.01 
11167.30 ,54.31 ,14.99 
11237.50 ,54.30 ,15.02 
11276.85 ,54.32 ,15.04 
11207.32 ,54.34 ,15.01 
11192.43 ,54.35 ,15.00 
11142.92 ,54.35 ,14.98 
11242.61 ,54.33 ,15.02 
11138.63 ,54.34 ,14.98 
11242.31 ,54.32 ,15.02 
11344.90 ,54.33 ,15.07 
11116.28 ,54.37 ,14.97 
11082.32 ,54.35 ,14.95 
11115.92 ,54.31 ,14.97 
11118.08 ,54.27 ,14.97 
11278.53 ,54.24 ,15.04 
11222.82 ,54.27 ,15.01 
11253.71 ,54.28 ,15.03 
11206.44 ,54.31 ,15.01 
11172.80 ,54.31 ,14.99 
11171.19 ,54.31 ,14.99 
11190.15 ,54.30 ,15.00 
11252.30 ,54.30 ,15.03 
11167.34 ,54.31 ,14.99 
11228.56 ,54.31 ,15.02 
11111.26 ,54.32 ,14.96 
11231.97 ,54.29 ,15.02 
11195.95 ,54.30 ,15.00 
11156.59 ,54.30 ,14.98 
11194.66 ,54.29 ,15.00 
11151.54 ,54.29 ,14.98 
11068.27 ,54.27 ,14.95 
11306.10 ,54.23 ,15.05 
11221.68 ,54.27 ,15.01 
11291.73 ,54.28 ,15.04 
11195.98 ,54.32 ,15.00 
11317.42 ,54.33 ,15.06 
11252.85 ,54.37 ,15.03 
11170.16 ,54.39 ,14.99 
11217.65 ,54.38 ,15.01 
11084.71 ,54.37 ,14.95 
11230.98 ,54.33 ,15.02 
11143.67 ,54.33 ,14.98 
11112.52 ,54.31 ,14.97 
11242.88 ,54.28 ,15.02 
11180.53 ,54.29 ,14.99 
11311.98 ,54.29 ,15.05 
11138.28 ,54.32 ,14.98 
11170.86 ,54.31 ,14.99 
11231.80 ,54.30 ,15.02 
11361.29 ,54.31 ,15.07 
11251.64 ,54.36 ,15.03 
11135.87 ,54.38 ,14.98 
11263.46 ,54.36 ,15.03 
11260.79 ,54.37 ,15.03 
11246.26 ,54.39 ,15.02 
11256.87 ,54.40 ,15.03 
11105.44 ,54.41 ,14.96 
11095.24 ,54.37 ,14.96 
11179.12 ,54.33 ,14.99 
11123.23 ,54.31 ,14.97 
11166.95 ,54.28 ,14.99 
11217.17 ,54.26 ,15.01 
11268.74 ,54.27 ,15.03 
11154.41 ,54.29 ,14.98 
11080.92 ,54.28 ,14.95 
11335.68 ,54.25 ,15.06 
11175.92 ,54.29 ,14.99 
11271.33 ,54.29 ,15.03 
11148.52 ,54.31 ,14.98 
11280.22 ,54.30 ,15.04 
11169.42 ,54.33 ,14.99 
11120.47 ,54.32 ,14.97 
11230.36 ,54.29 ,15.02 
11125.55 ,54.30 ,14.97 
13561.57 ,54.28 ,16.01 
13517.39 ,55.03 ,15.98 
13561.77 ,55.83 ,15.99 
13671.47 ,56.58 ,16.03 
13791.02 ,57.28 ,16.08 
13782.94 ,57.94 ,16.08 
13718.82 ,58.51 ,16.06 
13649.72 ,58.98 ,16.03 
13665.53 ,59.36 ,16.04 
13678.78 ,59.68 ,16.05 
13682.00 ,59.94 ,16.06 
13622.02 ,60.16 ,16.04 
13753.10 ,60.32 ,16.09 
13766.92 ,60.48 ,16.09 
13743.35 ,60.61 ,16.09 
13789.57 ,60.70 ,16.11 
13828.80 ,60.78 ,16.12 
13965.39 ,60.84 ,16.17 
13824.34 ,60.92 ,16.12 
13877.96 ,60.95 ,16.14 
13809.93 ,60.96 ,16.12 
13757.66 ,60.93 ,16.10 
13758.41 ,60.88 ,16.10 
13818.77 ,60.80 ,16.12 
13781.86 ,60.74 ,16.10 
13766.74 ,60.66 ,16.10 
13758.45 ,60.57 ,16.09 
13882.41 ,60.48 ,16.14 
13961.00 ,60.41 ,16.17 
13865.03 ,60.37 ,16.13 
13970.25 ,60.30 ,16.17 
14122.08 ,60.26 ,16.22 
14125.52 ,60.25 ,16.22 
14177.76 ,60.25 ,16.24 
13995.66 ,60.25 ,16.18 
14105.84 ,60.20 ,16.22 
13976.03 ,60.17 ,16.17 
14169.63 ,60.09 ,16.24 
14067.64 ,60.07 ,16.20 
14201.28 ,60.02 ,16.25 
14175.35 ,60.00 ,16.24 
14320.28 ,59.98 ,16.29 
14266.36 ,59.99 ,16.27 
14138.30 ,59.99 ,16.23 
14202.88 ,59.94 ,16.25 
14154.92 ,59.90 ,16.23 
14224.15 ,59.85 ,16.26 
14343.17 ,59.82 ,16.30 
14350.65 ,59.82 ,16.30 
14462.78 ,59.83 ,16.34 
14288.06 ,59.86 ,16.28 
14402.83 ,59.84 ,16.32 
14493.76 ,59.85 ,16.35 
14407.72 ,59.87 ,16.32 
14460.83 ,59.88 ,16.34 
14551.97 ,59.88 ,16.38 
14441.45 ,59.92 ,16.34 
14273.08 ,59.91 ,16.27 
14352.99 ,59.85 ,16.30 
14463.91 ,59.81 ,16.34 
14652.35 ,59.79 ,16.41 
14624.74 ,59.84 ,16.40 
14516.22 ,59.88 ,16.36 
14534.88 ,59.88 ,16.37 
14440.50 ,59.88 ,16.34 
14721.96 ,59.85 ,16.44 
14728.38 ,59.89 ,16.44 
14667.29 ,59.94 ,16.42 
14576.93 ,59.97 ,16.39 
14587.35 ,59.96 ,16.39 
14755.35 ,59.95 ,16.45 
14676.96 ,59.98 ,16.42 
14607.31 ,59.99 ,16.40 
14697.83 ,59.97 ,16.43 
14646.08 ,59.98 ,16.41 
14753.02 ,59.97 ,16.45 
14780.42 ,59.98 ,16.46 
14734.97 ,60.01 ,16.44 
14762.35 ,60.02 ,16.45 
14769.19 ,60.03 ,16.46 
14868.96 ,60.03 ,16.49 
14800.33 ,60.07 ,16.47 
14983.64 ,60.08 ,16.53 
14938.31 ,60.14 ,16.52 
14799.18 ,60.18 ,16.47 
14869.05 ,60.18 ,16.49 
14852.44 ,60.19 ,16.49 
14833.11 ,60.19 ,16.48 
14827.81 ,60.18 ,16.48 
14912.28 ,60.16 ,16.51 
15001.19 ,60.17 ,16.54 
14961.57 ,60.20 ,16.53 
15210.98 ,60.23 ,16.62 
15080.19 ,60.31 ,16.57 
15136.42 ,60.36 ,16.59 
15106.89 ,60.42 ,16.58 
15045.88 ,60.45 ,16.56 
15157.00 ,60.46 ,16.60 
15281.01 ,60.50 ,16.64 
15128.24 ,60.57 ,16.59 
15070.03 ,60.59 ,16.57 
15276.96 ,60.58 ,16.64 
15229.49 ,60.62 ,16.62 
15257.40 ,60.65 ,16.63 
15297.63 ,60.68 ,16.65 
15413.75 ,60.72 ,16.69 
15229.91 ,60.79 ,16.63 
15272.32 ,60.79 ,16.64 
15349.56 ,60.80 ,16.67 
15430.92 ,60.83 ,16.70 
15273.00 ,60.87 ,16.64 
15193.98 ,60.87 ,16.61 
15366.40 ,60.83 ,16.67 
15325.89 ,60.84 ,16.66 
15486.29 ,60.84 ,16.72 
15317.21 ,60.88 ,16.66 
15323.12 ,60.88 ,16.66 
15476.30 ,60.86 ,16.71 
15354.16 ,60.89 ,16.67 
15497.23 ,60.88 ,16.72 
15513.18 ,60.91 ,16.73 
15819.54 ,60.94 ,16.83 
15636.56 ,61.05 ,16.77 
15618.22 ,61.12 ,16.76 
15471.34 ,61.16 ,16.71 
15405.54 ,61.15 ,16.69 
15670.85 ,61.11 ,16.78 
15838.16 ,61.14 ,16.84 
15486.57 ,61.22 ,16.72 
15624.47 ,61.20 ,16.77 
15621.06 ,61.21 ,16.77 
15750.90 ,61.21 ,16.81 
15786.51 ,61.25 ,16.82 
15769.28 ,61.29 ,16.82 
15767.32 ,61.33 ,16.82 
15717.48 ,61.35 ,16.80 
15808.68 ,61.36 ,16.83 
15732.74 ,61.39 ,16.81 
15838.03 ,61.39 ,16.84 
15699.91 ,61.41 ,16.80 
15811.89 ,61.40 ,16.83 
15845.13 ,61.41 ,16.85 
15871.92 ,61.42 ,16.85 
15911.96 ,61.45 ,16.87 
15916.16 ,61.48 ,16.87 
15895.19 ,61.50 ,16.86 
16033.01 ,61.52 ,16.91 
15910.87 ,61.57 ,16.87 
15990.39 ,61.58 ,16.90 
15801.26 ,61.61 ,16.83 
16161.45 ,61.58 ,16.96 
16033.94 ,61.64 ,16.91 
16068.35 ,61.67 ,16.92 
16133.69 ,61.70 ,16.95 
16050.69 ,61.74 ,16.92 
16048.83 ,61.76 ,16.92 
16156.58 ,61.76 ,16.95 
16166.63 ,61.80 ,16.96 
16171.80 ,61.83 ,16.96 
16146.15 ,61.86 ,16.95 
16094.02 ,61.87 ,16.93 
16227.98 ,61.87 ,16.98 
16115.61 ,61.89 ,16.94 
16234.32 ,61.89 ,16.98 
16200.42 ,61.91 ,16.97 
16199.43 ,61.92 ,16.97 
16285.30 ,61.92 ,17.00 
16248.63 ,61.95 ,16.99 
16220.88 ,61.96 ,16.98 
16393.61 ,61.96 ,17.04 
16247.79 ,62.00 ,16.99 
16357.32 ,62.01 ,17.02 
16236.13 ,62.03 ,16.98 
16322.15 ,62.02 ,17.01 
16356.54 ,62.03 ,17.02 
16426.15 ,62.04 ,17.05 
16505.51 ,62.07 ,17.08 
16395.06 ,62.13 ,17.04 
16605.30 ,62.14 ,17.11 
16525.22 ,62.21 ,17.08 
16496.73 ,62.25 ,17.07 
16500.81 ,62.28 ,17.08 
16704.32 ,62.29 ,17.14 
16492.56 ,62.36 ,17.07 
16723.60 ,62.37 ,17.15 
16672.64 ,62.43 ,17.13 
16612.21 ,62.47 ,17.11 
16657.13 ,62.49 ,17.13 
16501.69 ,62.51 ,17.08 
16611.26 ,62.49 ,17.11 
16650.46 ,62.48 ,17.13 
16810.72 ,62.49 ,17.18 
16843.18 ,62.54 ,17.19 
16800.80 ,62.60 ,17.18 
16680.99 ,62.64 ,17.14 
16669.81 ,62.64 ,17.13 
16794.75 ,62.62 ,17.18 
16785.51 ,62.64 ,17.17 
16911.63 ,62.65 ,17.21 
16891.81 ,62.70 ,17.21 
16857.40 ,62.73 ,17.20 
16943.91 ,62.75 ,17.23 
16860.76 ,62.79 ,17.20 
16752.17 ,62.80 ,17.16 
16974.57 ,62.77 ,17.24 
17064.69 ,62.80 ,17.27 
17135.10 ,62.85 ,17.29 
16983.75 ,62.92 ,17.24 
17348.63 ,62.95 ,17.36 
16844.32 ,63.05 ,17.20 
17019.93 ,63.03 ,17.25 
16992.96 ,63.03 ,17.24 
17108.73 ,63.02 ,17.28 
16999.75 ,63.04 ,17.25 
17142.98 ,63.03 ,17.29 
17071.41 ,63.05 ,17.27 
17082.48 ,63.05 ,17.27 
17128.83 ,63.05 ,17.29 
17197.33 ,63.06 ,17.31 
17170.13 ,63.09 ,17.30 
17156.40 ,63.10 ,17.30 
17270.02 ,63.11 ,17.34 
17198.21 ,63.14 ,17.31 
17106.47 ,63.15 ,17.28 
17375.01 ,63.14 ,17.37 
17171.49 ,63.18 ,17.30 
17297.76 ,63.18 ,17.35 
17375.29 ,63.20 ,17.37 
17427.49 ,63.24 ,17.39 
17188.94 ,63.29 ,17.31 
17356.34 ,63.27 ,17.36 
17326.82 ,63.29 ,17.36 
17596.41 ,63.29 ,17.44 
17447.41 ,63.37 ,17.40 
17572.51 ,63.40 ,17.44 
17450.42 ,63.46 ,17.40 
17469.25 ,63.49 ,17.40 
17555.41 ,63.50 ,17.43 
17637.45 ,63.53 ,17.46 
17568.21 ,63.58 ,17.44 
17623.79 ,63.61 ,17.45 
17698.56 ,63.65 ,17.48 
17609.92 ,63.70 ,17.45 
17508.12 ,63.72 ,17.42 
17663.40 ,63.70 ,17.47 
17539.85 ,63.72 ,17.43 
17726.19 ,63.70 ,17.49 
17817.11 ,63.73 ,17.52 
17769.44 ,63.78 ,17.50 
17764.95 ,63.82 ,17.50 
17883.26 ,63.85 ,17.54 
17718.72 ,63.90 ,17.49 
17852.72 ,63.90 ,17.53 
17730.14 ,63.93 ,17.49 
17830.64 ,63.92 ,17.52 
17810.88 ,63.94 ,17.52 
17766.58 ,63.94 ,17.50 
17776.43 ,63.93 ,17.50 
17996.61 ,63.92 ,17.57 
17997.66 ,63.97 ,17.58 
17816.25 ,64.01 ,17.52 
17976.54 ,64.01 ,17.57 
17945.94 ,64.03 ,17.56 
18094.03 ,64.05 ,17.61 
17973.88 ,64.10 ,17.57 
17993.99 ,64.11 ,17.58 
18088.77 ,64.13 ,17.61 
18063.31 ,64.16 ,17.60 
18072.75 ,64.18 ,17.60 
18003.60 ,64.20 ,17.58 
17978.26 ,64.20 ,17.57 
18261.25 ,64.18 ,17.66 
18131.00 ,64.23 ,17.62 
18026.18 ,64.26 ,17.59 
18235.29 ,64.24 ,17.65 
18427.77 ,64.28 ,17.71 
18267.64 ,64.36 ,17.66 
18330.56 ,64.41 ,17.68 
18300.27 ,64.45 ,17.67 
18336.12 ,64.48 ,17.69 
18349.15 ,64.51 ,17.69 
18335.00 ,64.54 ,17.69 
18252.43 ,64.56 ,17.66 
18476.30 ,64.55 ,17.73 
18313.96 ,64.59 ,17.68 
18498.44 ,64.59 ,17.74 
18501.72 ,64.63 ,17.74 
18427.01 ,64.67 ,17.72 
18571.48 ,64.69 ,17.76 
18531.76 ,64.73 ,17.75 
18548.83 ,64.76 ,17.75 
18422.53 ,64.79 ,17.72 
18550.74 ,64.78 ,17.75 
18469.80 ,64.79 ,17.73 
18672.91 ,64.78 ,17.79 
18525.21 ,64.82 ,17.75 
18646.57 ,64.82 ,17.78 
18651.66 ,64.85 ,17.79 
18688.10 ,64.87 ,17.80 
18619.82 ,64.90 ,17.78 
18815.22 ,64.90 ,17.84 
18663.05 ,64.95 ,17.79 
18719.39 ,64.96 ,17.81 
18888.06 ,64.98 ,17.86 
18625.86 ,65.03 ,17.78 
18657.62 ,65.02 ,17.79 
18851.04 ,65.00 ,17.85 
18973.74 ,65.03 ,17.89 
18729.91 ,65.09 ,17.81 
18868.83 ,65.08 ,17.86 
18921.05 ,65.10 ,17.87 
18875.98 ,65.14 ,17.86 
18734.44 ,65.15 ,17.81 
18958.71 ,65.13 ,17.88 
18847.95 ,65.15 ,17.85 
19026.47 ,65.15 ,17.90 
19141.81 ,65.19 ,17.94 
18926.63 ,65.25 ,17.87 
19133.99 ,65.26 ,17.94 
18959.50 ,65.31 ,17.88 
18858.79 ,65.31 ,17.85 
19152.09 ,65.28 ,17.94 
18974.79 ,65.32 ,17.89 
19385.73 ,65.31 ,18.01 
19173.58 ,65.41 ,17.95 
19096.19 ,65.45 ,17.93 
19146.40 ,65.45 ,17.94 
19023.41 ,65.47 ,17.91 
19252.49 ,65.44 ,17.98 
19218.49 ,65.47 ,17.96 
19161.71 ,65.49 ,17.95 
19180.99 ,65.50 ,17.95 
19376.92 ,65.50 ,18.01 
19405.55 ,65.55 ,18.02 
19210.04 ,65.60 ,17.96 
19444.79 ,65.60 ,18.03 
19357.14 ,65.65 ,18.01 
19451.67 ,65.68 ,18.04 
19507.97 ,65.72 ,18.05 
19430.63 ,65.77 ,18.03 
19489.16 ,65.80 ,18.05 
19468.49 ,65.83 ,18.04 
19508.10 ,65.85 ,18.06 
19588.83 ,65.87 ,18.08 
19391.55 ,65.91 ,18.02 
19413.71 ,65.89 ,18.03 
19457.07 ,65.87 ,18.04 
19616.57 ,65.86 ,18.09 
19639.05 ,65.89 ,18.09 
19706.76 ,65.93 ,18.12 
19592.27 ,65.98 ,18.08 
19693.81 ,65.99 ,18.11 
19735.14 ,66.02 ,18.12 
19773.59 ,66.06 ,18.14 
19877.79 ,66.10 ,18.17 
19755.85 ,66.16 ,18.13 
19719.99 ,66.19 ,18.12 
19785.49 ,66.19 ,18.14 
19914.50 ,66.21 ,18.18 
20012.62 ,66.25 ,18.21 
19851.14 ,66.32 ,18.16 
19861.46 ,66.34 ,18.16 
19933.59 ,66.35 ,18.19 
19927.79 ,66.37 ,18.18 
19940.23 ,66.39 ,18.19 
20141.58 ,66.40 ,18.25 
19990.86 ,66.46 ,18.20 
19971.10 ,66.48 ,18.20 
19970.77 ,66.49 ,18.20 
19892.89 ,66.49 ,18.17 
19980.62 ,66.46 ,18.20 
19956.43 ,66.45 ,18.19 
20082.01 ,66.44 ,18.23 
20100.58 ,66.45 ,18.24 
20180.55 ,66.48 ,18.26 
20419.00 ,66.51 ,18.33 
20171.86 ,66.61 ,18.26 
20110.47 ,66.64 ,18.24 
20131.34 ,66.64 ,18.25 
20175.06 ,66.63 ,18.26 
20379.29 ,66.63 ,18.32 
20256.37 ,66.69 ,18.28 
20340.15 ,66.71 ,18.31 
20320.56 ,66.74 ,18.30 
20495.99 ,66.76 ,18.35 
20277.48 ,66.82 ,18.29 
20184.43 ,66.83 ,18.26 
20491.41 ,66.79 ,18.35 
20557.73 ,66.83 ,18.37 
20648.44 ,66.89 ,18.40 
20448.69 ,66.97 ,18.34 
20535.78 ,66.99 ,18.37 
20472.33 ,67.02 ,18.35 
20524.01 ,67.02 ,18.36 
20638.29 ,67.04 ,18.40 
20504.09 ,67.07 ,18.36 
20686.77 ,67.07 ,18.41 
20759.66 ,67.11 ,18.43 
20662.37 ,67.17 ,18.40 
20781.63 ,67.19 ,18.44 
20510.89 ,67.24 ,18.36 
20626.45 ,67.21 ,18.39 
20705.78 ,67.20 ,18.42 
20643.74 ,67.21 ,18.40 
20840.07 ,67.20 ,18.46 
20801.55 ,67.24 ,18.45 
20833.77 ,67.27 ,18.45 
20700.26 ,67.29 ,18.42 
20787.54 ,67.29 ,18.44 
20888.93 ,67.29 ,18.47 
20831.46 ,67.32 ,18.45 
20834.65 ,67.33 ,18.46 
20759.55 ,67.34 ,18.43 
20951.36 ,67.32 ,18.49 
21041.45 ,67.35 ,18.52 
20925.92 ,67.40 ,18.48 
21018.71 ,67.42 ,18.51 
21004.92 ,67.45 ,18.51 
21001.01 ,67.47 ,18.50 
21124.01 ,67.49 ,18.54 
21128.57 ,67.53 ,18.54 
21087.92 ,67.57 ,18.53 
21021.98 ,67.59 ,18.51 
21058.15 ,67.59 ,18.52 
21118.81 ,67.59 ,18.54 
21212.21 ,67.61 ,18.57 
21409.36 ,67.64 ,18.62 
21202.85 ,67.72 ,18.56 
21073.55 ,67.74 ,18.53 
21218.78 ,67.73 ,18.57 
21104.05 ,67.73 ,18.54 
21166.85 ,67.71 ,18.55 
21451.13 ,67.70 ,18.63 
21189.43 ,67.76 ,18.56 
21317.13 ,67.76 ,18.60 
21606.83 ,67.78 ,18.68 
21346.96 ,67.86 ,18.61 
21392.44 ,67.89 ,18.62 
21429.30 ,67.91 ,18.63 
21656.97 ,67.93 ,18.69 
21562.82 ,68.00 ,18.67 
21544.50 ,68.05 ,18.66 
21576.50 ,68.09 ,18.67 
21497.43 ,68.12 ,18.65 
21476.61 ,68.12 ,18.64 
21567.27 ,68.11 ,18.67 
21565.41 ,68.12 ,18.67 
21601.64 ,68.13 ,18.68 
21673.14 ,68.15 ,18.70 
21454.90 ,68.17 ,18.64 
21706.77 ,68.14 ,18.71 
21777.11 ,68.17 ,18.73 
21642.50 ,68.21 ,18.69 
21807.34 ,68.22 ,18.74 
21928.58 ,68.26 ,18.77 
21550.19 ,68.32 ,18.67 
21788.82 ,68.29 ,18.73 
21980.49 ,68.30 ,18.79 
21810.24 ,68.36 ,18.74 
21711.17 ,68.38 ,18.71 
21927.85 ,68.36 ,18.77 
21950.72 ,68.39 ,18.78 
22000.36 ,68.43 ,18.79 
22018.58 ,68.47 ,18.80 
21972.82 ,68.51 ,18.79 
21944.83 ,68.54 ,18.78 
21932.90 ,68.54 ,18.77 
21956.42 ,68.54 ,18.78 
21944.39 ,68.54 ,18.78 
22170.88 ,68.54 ,18.84 
22175.07 ,68.58 ,18.84 
22056.22 ,68.63 ,18.81 
22120.09 ,68.64 ,18.83 
21948.37 ,68.66 ,18.78 
22083.82 ,68.63 ,18.82 
22068.06 ,68.63 ,18.81 
21956.73 ,68.63 ,18.78 
22100.04 ,68.59 ,18.82 
22268.17 ,68.59 ,18.87 
22372.62 ,68.63 ,18.90 
22118.05 ,68.70 ,18.83 
22237.49 ,68.70 ,18.86 
22324.89 ,68.72 ,18.88 
22426.25 ,68.75 ,18.91 
22443.60 ,68.81 ,18.92 
22389.62 ,68.86 ,18.90 
22302.46 ,68.90 ,18.88 
22608.99 ,68.90 ,18.96 
22510.66 ,68.97 ,18.94 
22637.57 ,69.02 ,18.97 
22492.32 ,69.09 ,18.93 
22457.56 ,69.11 ,18.92 
22539.33 ,69.11 ,18.95 
22645.13 ,69.13 ,18.97 
22611.91 ,69.17 ,18.97 
22491.96 ,69.20 ,18.93 
22679.53 ,69.19 ,18.98 
22575.99 ,69.21 ,18.96 
22654.85 ,69.22 ,18.98 
22680.38 ,69.23 ,18.98 
22696.11 ,69.25 ,18.99 
22876.58 ,69.27 ,19.04 
22796.18 ,69.32 ,19.02 
22578.64 ,69.35 ,18.96 
22898.74 ,69.32 ,19.04 
22818.78 ,69.36 ,19.02 
22553.30 ,69.38 ,18.95 
22864.86 ,69.33 ,19.04 
22870.78 ,69.35 ,19.04 
22457.61 ,69.37 ,18.93 
22795.42 ,69.29 ,19.02 
22796.93 ,69.28 ,19.02 
22890.31 ,69.28 ,19.04 
22672.24 ,69.31 ,18.98 
22991.89 ,69.27 ,19.07 
22822.08 ,69.31 ,19.02 
22555.77 ,69.32 ,18.95 
22643.87 ,69.25 ,18.98 
22672.54 ,69.19 ,18.98 
22580.75 ,69.15 ,18.96 
22708.69 ,69.09 ,18.99 
22805.52 ,69.07 ,19.02 
22663.03 ,69.07 ,18.98 
22602.20 ,69.04 ,18.96 
22775.42 ,69.00 ,19.01 
22703.37 ,68.99 ,18.99 
22843.54 ,68.98 ,19.03 
22809.56 ,69.00 ,19.02 
22868.80 ,69.01 ,19.03 
22732.08 ,69.04 ,19.00 
22777.02 ,69.03 ,19.01 
22708.88 ,69.02 ,18.99 
22833.29 ,69.00 ,19.03 
22548.28 ,69.01 ,18.95 
22620.80 ,68.95 ,18.97 
22586.28 ,68.91 ,18.96 
22808.11 ,68.86 ,19.02 
22641.45 ,68.87 ,18.97 
22754.44 ,68.85 ,19.00 
22556.17 ,68.85 ,18.95 
22946.05 ,68.81 ,19.05 
22571.72 ,68.86 ,18.95 
22637.69 ,68.82 ,18.97 
22612.82 ,68.80 ,18.96 
22646.95 ,68.77 ,18.97 
22694.94 ,68.75 ,18.99 
22796.10 ,68.75 ,19.01 
22473.58 ,68.77 ,18.93 
22855.83 ,68.72 ,19.03 
22799.64 ,68.76 ,19.01 
22662.09 ,68.79 ,18.98 
22605.01 ,68.78 ,18.96 
22740.84 ,68.76 ,19.00 
22660.90 ,68.76 ,18.98 
22693.45 ,68.75 ,18.99 
22673.14 ,68.75 ,18.98 
22905.16 ,68.75 ,19.04 
22688.57 ,68.80 ,18.98 
22771.73 ,68.80 ,19.01 
22669.88 ,68.82 ,18.98 
22858.80 ,68.81 ,19.03 
22900.31 ,68.84 ,19.04 
22781.69 ,68.88 ,19.01 
22851.23 ,68.90 ,19.03 
22869.86 ,68.92 ,19.03 
22657.30 ,68.95 ,18.98 
22865.13 ,68.92 ,19.03 
22870.80 ,68.94 ,19.03 
22489.31 ,68.96 ,18.93 
22852.55 ,68.89 ,19.03 
22655.90 ,68.90 ,18.98 
22758.94 ,68.87 ,19.00 
22910.24 ,68.87 ,19.05 
22831.51 ,68.90 ,19.02 
22727.37 ,68.92 ,19.00 
22808.98 ,68.91 ,19.02 
22718.05 ,68.91 ,18.99 
22781.58 ,68.89 ,19.01 
22734.14 ,68.89 ,19.00 
22827.70 ,68.88 ,19.02 
22825.75 ,68.89 ,19.02 
22821.97 ,68.90 ,19.02 
22623.39 ,68.91 ,18.97 
22953.29 ,68.87 ,19.06 
22873.50 ,68.91 ,19.04 
22795.53 ,68.93 ,19.01 
22764.82 ,68.93 ,19.01 
22690.57 ,68.92 ,18.99 
22472.20 ,68.89 ,18.93 
22805.27 ,68.81 ,19.02 
22660.40 ,68.81 ,18.98 
22859.80 ,68.78 ,19.03 
22599.12 ,68.81 ,18.96 
22793.90 ,68.77 ,19.01 
22610.22 ,68.78 ,18.96 
22868.84 ,68.75 ,19.03 
22530.83 ,68.78 ,18.94 
22767.47 ,68.73 ,19.01 
22656.24 ,68.74 ,18.98 
22952.93 ,68.72 ,19.06 
22501.06 ,68.78 ,18.93 
22584.39 ,68.73 ,18.96 
22781.33 ,68.69 ,19.01 
22833.98 ,68.70 ,19.02 
22670.99 ,68.74 ,18.98 
22561.01 ,68.73 ,18.95 
22762.45 ,68.70 ,19.00 
22496.81 ,68.71 ,18.93 
22932.50 ,68.66 ,19.05 
22715.56 ,68.71 ,18.99 
22897.97 ,68.72 ,19.04 
22791.83 ,68.77 ,19.01 
22476.46 ,68.80 ,18.93 
22888.03 ,68.74 ,19.04 
22559.90 ,68.78 ,18.95 
22812.93 ,68.74 ,19.02 
22529.21 ,68.76 ,18.94 
22616.57 ,68.72 ,18.96 
22687.89 ,68.69 ,18.98 
22860.91 ,68.69 ,19.03 
22693.68 ,68.73 ,18.99 
22661.40 ,68.73 ,18.98 
22781.96 ,68.73 ,19.01 
22742.13 ,68.75 ,19.00 
23006.53 ,68.76 ,19.07 
22917.24 ,68.83 ,19.05 
22666.10 ,68.88 ,18.98 
22908.17 ,68.87 ,19.04 
22765.98 ,68.90 ,19.01 
22742.87 ,68.91 ,19.00 
22750.90 ,68.90 ,19.00 
22858.33 ,68.89 ,19.03 
22703.51 ,68.91 ,18.99 
22708.40 ,68.89 ,18.99 
22679.14 ,68.87 ,18.98 
22772.53 ,68.85 ,19.01 
22795.41 ,68.84 ,19.01 
22760.02 ,68.85 ,19.00 
22669.38 ,68.85 ,18.98 
22722.95 ,68.83 ,18.99 
22600.89 ,68.82 ,18.96 
22701.78 ,68.78 ,18.99 
22742.41 ,68.76 ,19.00 
22918.59 ,68.76 ,19.05 
22808.58 ,68.81 ,19.02 
22742.65 ,68.83 ,19.00 
22734.55 ,68.83 ,19.00 
22824.39 ,68.83 ,19.02 
22613.39 ,68.84 ,18.96 
22676.43 ,68.81 ,18.98 
22906.95 ,68.79 ,19.04 
22590.47 ,68.82 ,18.96 
22839.67 ,68.79 ,19.03 
22577.56 ,68.81 ,18.95 
22578.30 ,68.77 ,18.95 
22627.62 ,68.72 ,18.97 
22667.24 ,68.70 ,18.98 
22628.28 ,68.68 ,18.97 
22840.73 ,68.67 ,19.03 
22671.15 ,68.70 ,18.98 
22664.78 ,68.70 ,18.98 
22743.37 ,68.69 ,19.00 
22773.73 ,68.70 ,19.01 
23022.43 ,68.73 ,19.08 
22709.02 ,68.81 ,18.99 
22803.66 ,68.81 ,19.02 
22670.26 ,68.83 ,18.98 
22815.38 ,68.81 ,19.02 
22909.20 ,68.83 ,19.04 
22847.88 ,68.87 ,19.03 
22749.31 ,68.89 ,19.00 
23023.48 ,68.89 ,19.08 
22866.54 ,68.95 ,19.03 
22928.49 ,68.97 ,19.05 
22693.29 ,69.00 ,18.99 
22701.45 ,68.97 ,18.99 
22759.33 ,68.94 ,19.00 
22744.40 ,68.92 ,19.00 
22869.75 ,68.90 ,19.03 
22657.42 ,68.92 ,18.98 
22900.69 ,68.88 ,19.04 
22856.26 ,68.90 ,19.03 
22902.57 ,68.92 ,19.04 
22541.41 ,68.94 ,18.95 
22764.62 ,68.88 ,19.01 
22731.56 ,68.86 ,19.00 
22657.55 ,68.84 ,18.98 
22783.75 ,68.81 ,19.01 
22665.36 ,68.81 ,18.98 
22665.65 ,68.78 ,18.98 
22835.81 ,68.76 ,19.02 
22607.15 ,68.78 ,18.96 
22785.36 ,68.74 ,19.01 
22767.01 ,68.75 ,19.01 
22892.17 ,68.76 ,19.04 
22937.60 ,68.80 ,19.05 
22631.58 ,68.85 ,18.97 
22894.31 ,68.82 ,19.04 
22717.05 ,68.85 ,18.99 
22835.70 ,68.84 ,19.02 
22535.24 ,68.85 ,18.94 
23035.31 ,68.79 ,19.08 
22757.55 ,68.85 ,19.00 
22683.37 ,68.85 ,18.98 
22686.83 ,68.83 ,18.98 
22883.02 ,68.81 ,19.04 
22867.89 ,68.83 ,19.03 
22850.38 ,68.86 ,19.03 
22674.79 ,68.88 ,18.98 
22624.20 ,68.85 ,18.97 
22698.87 ,68.81 ,18.99 
22946.38 ,68.79 ,19.05 
22750.33 ,68.83 ,19.00 
22682.48 ,68.83 ,18.98 
22611.66 ,68.81 ,18.96 
22743.48 ,68.77 ,19.00 
22669.75 ,68.76 ,18.98 
22676.48 ,68.74 ,18.98 
22810.09 ,68.72 ,19.02 
22801.12 ,68.74 ,19.02 
22644.07 ,68.76 ,18.97 
22682.07 ,68.74 ,18.98 
22829.74 ,68.73 ,19.02 
22750.36 ,68.75 ,19.00 
22674.89 ,68.76 ,18.98 
22957.38 ,68.74 ,19.06 
22932.37 ,68.80 ,19.05 
22850.64 ,68.85 ,19.03 
22597.64 ,68.88 ,18.96 
22682.69 ,68.83 ,18.98 
22805.62 ,68.81 ,19.02 
22718.26 ,68.82 ,18.99 
22632.15 ,68.81 ,18.97 
22916.55 ,68.77 ,19.05 
22540.87 ,68.81 ,18.94 
22607.56 ,68.76 ,18.96 
22866.75 ,68.72 ,19.03 
22789.95 ,68.75 ,19.01 
22821.92 ,68.77 ,19.02 
22800.58 ,68.79 ,19.02 
22617.32 ,68.81 ,18.97 
22876.78 ,68.78 ,19.04 
22780.96 ,68.81 ,19.01 
22936.02 ,68.82 ,19.05 
22695.57 ,68.86 ,18.99 
22858.19 ,68.85 ,19.03 
22754.35 ,68.87 ,19.00 
22638.72 ,68.86 ,18.97 
22847.13 ,68.83 ,19.03 
22867.15 ,68.84 ,19.03 
22790.07 ,68.86 ,19.01 
22846.12 ,68.87 ,19.03 
22903.74 ,68.88 ,19.04 
22579.84 ,68.91 ,18.96 
22661.21 ,68.86 ,18.98 
22720.97 ,68.83 ,18.99 
22874.38 ,68.81 ,19.04 
22760.26 ,68.83 ,19.00 
22673.12 ,68.83 ,18.98 
22739.60 ,68.80 ,19.00 
22835.34 ,68.80 ,19.02 
22781.16 ,68.81 ,19.01 
22820.81 ,68.82 ,19.02 
22695.72 ,68.83 ,18.99 
22773.01 ,68.81 ,19.01 
22862.01 ,68.81 ,19.03 
22891.54 ,68.84 ,19.04 
22491.51 ,68.87 ,18.93 
22740.64 ,68.80 ,19.00 
22714.47 ,68.78 ,18.99 
22893.81 ,68.77 ,19.04 
22652.78 ,68.80 ,18.97 
22752.24 ,68.78 ,19.00 
22734.89 ,68.78 ,19.00 
22691.49 ,68.77 ,18.99 
22769.33 ,68.76 ,19.01 
22720.65 ,68.76 ,18.99 
22690.02 ,68.76 ,18.98 
22808.53 ,68.75 ,19.02 
22721.24 ,68.76 ,18.99 
22823.60 ,68.76 ,19.02 
22747.49 ,68.78 ,19.00 
22731.67 ,68.78 ,19.00 
22895.03 ,68.78 ,19.04 
22782.55 ,68.81 ,19.01 
22787.00 ,68.82 ,19.01 
22637.25 ,68.83 ,18.97 
22798.93 ,68.80 ,19.01 
22710.50 ,68.81 ,18.99 
22801.36 ,68.79 ,19.02 
22713.43 ,68.80 ,18.99 
22811.00 ,68.79 ,19.02 
22802.68 ,68.81 ,19.02 
22759.85 ,68.82 ,19.00 
22701.70 ,68.82 ,18.99 
22825.46 ,68.80 ,19.02 
22785.82 ,68.82 ,19.01 
22837.64 ,68.82 ,19.03 
22807.24 ,68.84 ,19.02 
22912.01 ,68.85 ,19.05 
22695.42 ,68.89 ,18.99 
22551.34 ,68.87 ,18.95 
22854.74 ,68.81 ,19.03 
22786.31 ,68.82 ,19.01 
22793.08 ,68.82 ,19.01 
22574.08 ,68.83 ,18.95 
22681.44 ,68.78 ,18.98 
22438.35 ,68.76 ,18.92 
22707.56 ,68.68 ,18.99 
22643.57 ,68.67 ,18.97 
22712.94 ,68.65 ,18.99 
22762.56 ,68.65 ,19.00 
22712.55 ,68.67 ,18.99 
22677.77 ,68.68 ,18.98 
22733.92 ,68.67 ,19.00 
22688.24 ,68.68 ,18.98 
22444.23 ,68.68 ,18.92 
22771.92 ,68.62 ,19.01 
22918.79 ,68.64 ,19.05 
22440.07 ,68.70 ,18.92 
22845.77 ,68.64 ,19.03 
22707.69 ,68.68 ,18.99 
22792.26 ,68.69 ,19.01 
22724.72 ,68.72 ,18.99 
22749.32 ,68.73 ,19.00 
22837.23 ,68.74 ,19.02 
22755.17 ,68.77 ,19.00 
22685.24 ,68.78 ,18.98 
22649.61 ,68.78 ,18.97 
22857.44 ,68.76 ,19.03 
22700.42 ,68.79 ,18.99 
22906.32 ,68.78 ,19.04 
22675.84 ,68.83 ,18.98 
22680.94 ,68.81 ,18.98 
22754.22 ,68.80 ,19.00 
22691.07 ,68.80 ,18.99 
22734.91 ,68.79 ,19.00 
22803.03 ,68.78 ,19.02 
22644.51 ,68.80 ,18.97 
22869.81 ,68.78 ,19.03 
22638.98 ,68.81 ,18.97 
22765.00 ,68.79 ,19.01 
22703.96 ,68.79 ,18.99 
22885.94 ,68.78 ,19.04 
22845.38 ,68.82 ,19.03 
22683.69 ,68.85 ,18.98 
22706.14 ,68.83 ,18.99 
22763.94 ,68.82 ,19.01 
22564.33 ,68.82 ,18.95 
22716.78 ,68.77 ,18.99 
22826.34 ,68.76 ,19.02 
22659.29 ,68.78 ,18.98 
22938.23 ,68.77 ,19.05 
22752.34 ,68.81 ,19.00 
22668.96 ,68.82 ,18.98 
22995.25 ,68.80 ,19.07 
22617.54 ,68.86 ,18.97 
22898.67 ,68.83 ,19.04 
22718.30 ,68.86 ,18.99 
22840.30 ,68.85 ,19.03 
22763.62 ,68.87 ,19.01 
22638.63 ,68.86 ,18.97 
22883.60 ,68.83 ,19.04 
22706.04 ,68.85 ,18.99 
22722.32 ,68.84 ,18.99 
22594.49 ,68.83 ,18.96 
22837.14 ,68.78 ,19.03 
22853.10 ,68.80 ,19.03 
22744.00 ,68.82 ,19.00 
22919.03 ,68.82 ,19.05 
22746.14 ,68.86 ,19.00 
22762.72 ,68.86 ,19.01 
22807.18 ,68.85 ,19.02 
22562.84 ,68.86 ,18.95 
22772.52 ,68.81 ,19.01 
22747.85 ,68.80 ,19.00 
22658.02 ,68.80 ,18.98 
22862.72 ,68.77 ,19.03 
22809.02 ,68.80 ,19.02 
22666.33 ,68.81 ,18.98 
22980.56 ,68.79 ,19.06 
22639.95 ,68.84 ,18.97 
22553.97 ,68.82 ,18.95 
22895.46 ,68.76 ,19.04 
22867.62 ,68.79 ,19.03 
22742.47 ,68.82 ,19.00 
22769.83 ,68.82 ,19.01 
22848.79 ,68.82 ,19.03 
22878.30 ,68.84 ,19.04 
22778.65 ,68.87 ,19.01 
22930.04 ,68.87 ,19.05 
22560.50 ,68.90 ,18.95 
22595.24 ,68.85 ,18.96 
22659.37 ,68.80 ,18.98 
22832.54 ,68.76 ,19.02 
22763.00 ,68.78 ,19.00 
22747.96 ,68.78 ,19.00 
22690.14 ,68.78 ,18.98 
22556.17 ,68.76 ,18.95 
22690.62 ,68.72 ,18.98 
22786.96 ,68.70 ,19.01 
22782.25 ,68.71 ,19.01 
22749.77 ,68.73 ,19.00 
22695.62 ,68.74 ,18.99 
22834.76 ,68.73 ,19.02 
22688.98 ,68.76 ,18.98 
22735.10 ,68.75 ,19.00 
22819.12 ,68.75 ,19.02 
22651.68 ,68.77 ,18.97 
22772.83 ,68.75 ,19.01 
22613.00 ,68.76 ,18.96 
22745.35 ,68.73 ,19.00 
22647.08 ,68.73 ,18.97 
22820.52 ,68.71 ,19.02 
22678.73 ,68.74 ,18.98 
22572.94 ,68.73 ,18.95 
22716.44 ,68.69 ,18.99 
22718.52 ,68.69 ,18.99 
22724.42 ,68.69 ,18.99 
22842.43 ,68.70 ,19.03 
22691.43 ,68.73 ,18.98 
22842.10 ,68.73 ,19.03 
22788.06 ,68.76 ,19.01 
22454.16 ,68.78 ,18.92 
22653.40 ,68.72 ,18.97 
22760.59 ,68.70 ,19.00 
22720.32 ,68.71 ,18.99 
22691.12 ,68.71 ,18.98 
22857.76 ,68.71 ,19.03 
22942.57 ,68.75 ,19.05 
22607.94 ,68.81 ,18.96 
22745.93 ,68.78 ,19.00 
22801.97 ,68.78 ,19.02 
22875.52 ,68.80 ,19.04 
22661.95 ,68.83 ,18.98 
22827.93 ,68.82 ,19.02 
22743.36 ,68.83 ,19.00 
22815.52 ,68.83 ,19.02 
22801.57 ,68.85 ,19.02 
22688.87 ,68.86 ,18.98 
22806.68 ,68.84 ,19.02 
22595.12 ,68.85 ,18.96 
22793.68 ,68.80 ,19.01 
22886.73 ,68.81 ,19.04 
22793.65 ,68.84 ,19.01 
22497.41 ,68.85 ,18.93 
22679.65 ,68.79 ,18.98 
22712.26 ,68.76 ,18.99 
22669.53 ,68.75 ,18.98 
22615.37 ,68.73 ,18.96 
22849.32 ,68.71 ,19.03 
22697.86 ,68.73 ,18.99 
22730.42 ,68.73 ,19.00 
22899.97 ,68.74 ,19.04 
22757.56 ,68.78 ,19.00 
22459.79 ,68.79 ,18.92 
22641.82 ,68.72 ,18.97 
22738.50 ,68.70 ,19.00 
22693.06 ,68.70 ,18.99 
22889.31 ,68.70 ,19.04 
22671.66 ,68.74 ,18.98 
22708.92 ,68.74 ,18.99 
22631.49 ,68.74 ,18.97 
22661.25 ,68.72 ,18.98 
22718.61 ,68.70 ,18.99 
22753.16 ,68.70 ,19.00 
22698.15 ,68.72 ,18.99 
22627.65 ,68.72 ,18.97 
22727.52 ,68.70 ,18.99 
22758.98 ,68.70 ,19.00 
22622.83 ,68.72 ,18.97 
22562.78 ,68.70 ,18.95 
22779.50 ,68.67 ,19.01 
22916.19 ,68.69 ,19.05 
22615.42 ,68.74 ,18.96 
22486.99 ,68.73 ,18.93 
22824.39 ,68.68 ,19.02 
22792.05 ,68.70 ,19.01 
22488.28 ,68.73 ,18.93 
22665.10 ,68.68 ,18.98 
22819.98 ,68.67 ,19.02 
22725.67 ,68.70 ,18.99 
22616.12 ,68.72 ,18.96 
22597.06 ,68.70 ,18.96 
22859.42 ,68.68 ,19.03 
22738.16 ,68.72 ,19.00 
22716.36 ,68.73 ,18.99 
22663.78 ,68.74 ,18.98 
22843.06 ,68.73 ,19.03 
22983.65 ,68.77 ,19.06 
22686.80 ,68.84 ,18.98 
22613.08 ,68.83 ,18.96 
22703.42 ,68.80 ,18.99 
22860.19 ,68.79 ,19.03 
22733.59 ,68.82 ,19.00 
22780.89 ,68.82 ,19.01 
22825.34 ,68.83 ,19.02 
22735.76 ,68.85 ,19.00 
22885.11 ,68.85 ,19.04 
22724.72 ,68.88 ,18.99 
10079.84 ,68.87 ,15.01 
10448.10 ,65.71 ,15.01 
10747.27 ,62.33 ,14.99 
11091.21 ,59.18 ,15.03 
11131.90 ,56.40 ,15.00 
11283.15 ,53.97 ,15.04 
11177.41 ,51.89 ,15.00 
11179.57 ,50.10 ,15.02 
11008.57 ,48.59 ,14.98 
10992.08 ,47.29 ,15.02 
10872.39 ,46.23 ,15.01 
10686.79 ,45.36 ,14.96 
10728.09 ,44.63 ,15.03 
10560.31 ,44.09 ,14.98 
10605.13 ,43.66 ,15.04 
10484.27 ,43.39 ,14.99 
10381.49 ,43.20 ,14.95 
10422.00 ,43.08 ,14.98 
10466.82 ,43.06 ,15.01 
10470.97 ,43.15 ,15.01 
10474.68 ,43.30 ,14.99 
10511.86 ,43.51 ,15.00 
10502.46 ,43.77 ,14.97 
10494.75 ,44.05 ,14.94 
10604.27 ,44.35 ,14.98 
10751.71 ,44.70 ,15.04 
10671.05 ,45.12 ,14.97 
10785.17 ,45.51 ,15.00 
10998.73 ,45.94 ,15.09 
10891.75 ,46.43 ,15.01 
10930.45 ,46.87 ,15.01 
10888.12 ,47.30 ,14.97 
11008.37 ,47.69 ,15.01 
11134.48 ,48.10 ,15.06 
11018.21 ,48.54 ,14.99 
11148.28 ,48.91 ,15.04 
11173.73 ,49.30 ,15.04 
11195.32 ,49.68 ,15.04 
11156.97 ,50.05 ,15.01 
11213.51 ,50.37 ,15.03 
11060.37 ,50.69 ,14.96 
11194.67 ,50.94 ,15.02 
11310.20 ,51.20 ,15.07 
11090.19 ,51.49 ,14.96 
11230.01 ,51.70 ,15.02 
11316.84 ,51.92 ,15.06 
11118.14 ,52.17 ,14.97 
11164.98 ,52.33 ,14.99 
11179.63 ,52.49 ,14.99 
11161.50 ,52.64 ,14.99 
11229.02 ,52.77 ,15.02 
11150.13 ,52.92 ,14.98 
11105.91 ,53.03 ,14.96 
11131.43 ,53.11 ,14.97 
11281.73 ,53.20 ,15.04 
11199.64 ,53.33 ,15.00 
11301.39 ,53.43 ,15.05 
11231.15 ,53.55 ,15.02 
11177.31 ,53.64 ,14.99 
11247.41 ,53.71 ,15.02 
11199.24 ,53.78 ,15.00 
11186.69 ,53.84 ,15.00 
11120.91 ,53.89 ,14.97 
11246.85 ,53.91 ,15.02 
11215.85 ,53.96 ,15.01 
11236.49 ,54.00 ,15.02 
11248.06 ,54.05 ,15.02 
11198.93 ,54.10 ,15.00 
11220.87 ,54.13 ,15.01 
11183.60 ,54.15 ,15.00 
11202.37 ,54.17 ,15.00 
11150.40 ,54.18 ,14.98 
11105.45 ,54.18 ,14.96 
11268.47 ,54.16 ,15.03 
11261.93 ,54.19 ,15.03 
11194.17 ,54.23 ,15.00 
11254.21 ,54.24 ,15.03 
11301.61 ,54.26 ,15.05 
11205.36 ,54.30 ,15.01 
11200.59 ,54.31 ,15.00 
11124.58 ,54.31 ,14.97 
11192.17 ,54.28 ,15.00 
11017.68 ,54.28 ,14.92 
11243.36 ,54.22 ,15.02 
11216.67 ,54.22 ,15.01 
11278.66 ,54.23 ,15.04 
11261.86 ,54.26 ,15.03 
11182.22 ,54.29 ,15.00 
11189.66 ,54.29 ,15.00 
11209.04 ,54.28 ,15.01 
11091.48 ,54.28 ,14.96 
11143.70 ,54.24 ,14.98 
11199.02 ,54.22 ,15.00 
11173.22 ,54.22 ,14.99 
11228.18 ,54.21 ,15.02 
11309.35 ,54.22 ,15.05 
11057.87 ,54.26 ,14.94 
11178.54 ,54.22 ,14.99 
11121.45 ,54.21 ,14.97 
11255.53 ,54.19 ,15.03 
11261.86 ,54.21 ,15.03 
11267.92 ,54.23 ,15.03 
11128.36 ,54.26 ,14.97 
11145.04 ,54.24 ,14.98 
11223.84 ,54.22 ,15.01 
11237.54 ,54.23 ,15.02 
11106.72 ,54.24 ,14.96 
11158.28 ,54.22 ,14.98 
11238.00 ,54.20 ,15.02 
11260.71 ,54.22 ,15.03 
11184.38 ,54.24 ,15.00 
11152.00 ,54.24 ,14.98 
11099.53 ,54.23 ,14.96 
11108.49 ,54.19 ,14.96 
11231.66 ,54.16 ,15.02 
11139.08 ,54.17 ,14.98 
11259.97 ,54.16 ,15.03 
11111.84 ,54.19 ,14.96 
11283.58 ,54.17 ,15.04 
11185.97 ,54.20 ,15.00 
11162.95 ,54.21 ,14.99 
11218.26 ,54.20 ,15.01 
11284.06 ,54.21 ,15.04 
11269.05 ,54.25 ,15.03 
11223.44 ,54.28 ,15.01 
11152.59 ,54.29 ,14.98 
11182.85 ,54.27 ,15.00 
11127.00 ,54.26 ,14.97 
11236.92 ,54.24 ,15.02 
11272.56 ,54.25 ,15.04 
11213.81 ,54.27 ,15.01 
11242.59 ,54.28 ,15.02 
11131.96 ,54.29 ,14.97 
11255.83 ,54.27 ,15.03 
11293.59 ,54.28 ,15.04 
11219.98 ,54.31 ,15.01 
11294.12 ,54.32 ,15.04 
11137.10 ,54.34 ,14.98 
11188.03 ,54.32 ,15.00 
11189.53 ,54.30 ,15.00 
11300.53 ,54.29 ,15.05 
11180.98 ,54.32 ,15.00 
11232.50 ,54.31 ,15.02 
11176.83 ,54.31 ,14.99 
11161.53 ,54.30 ,14.99 
11228.79 ,54.27 ,15.02 
11216.42 ,54.28 ,15.01 
11142.71 ,54.28 ,14.98 
11193.35 ,54.25 ,15.00 
11275.55 ,54.25 ,15.04 
11160.72 ,54.27 ,14.99 
11190.50 ,54.25 ,15.00 
11092.51 ,54.25 ,14.96 
11206.13 ,54.21 ,15.01 
11154.91 ,54.21 ,14.98 
11219.81 ,54.19 ,15.01 
11217.08 ,54.20 ,15.01 
11213.78 ,54.21 ,15.01 
11139.73 ,54.22 ,14.98 
11233.01 ,54.20 ,15.02 
11225.98 ,54.22 ,15.01 
11113.78 ,54.23 ,14.97 
11121.72 ,54.21 ,14.97 
11116.44 ,54.18 ,14.97 
11297.47 ,54.15 ,15.05 
11113.71 ,54.19 ,14.97 
11273.00 ,54.17 ,15.03 
11141.27 ,54.20 ,14.98 
11217.17 ,54.19 ,15.01 
11152.15 ,54.20 ,14.98 
11117.00 ,54.20 ,14.97 
11257.40 ,54.17 ,15.03 
11110.17 ,54.20 ,14.96 
11193.79 ,54.18 ,15.00 
11164.12 ,54.18 ,14.99 
11278.53 ,54.18 ,15.04 
11143.48 ,54.21 ,14.98 
11116.10 ,54.21 ,14.97 
11188.19 ,54.19 ,15.00 
11207.83 ,54.19 ,15.01 
11246.89 ,54.20 ,15.02 
11200.75 ,54.22 ,15.00 
11168.39 ,54.23 ,14.99 
11239.14 ,54.23 ,15.02 
11264.22 ,54.25 ,15.03 
11268.43 ,54.27 ,15.03 
11250.29 ,54.30 ,15.03 
11125.04 ,54.32 ,14.97 
11161.69 ,54.30 ,14.99 
11165.37 ,54.28 ,14.99 
11130.93 ,54.27 ,14.97 
11178.74 ,54.24 ,14.99 
11014.67 ,54.23 ,14.92 
11093.11 ,54.18 ,14.96 
11134.46 ,54.14 ,14.97 
11209.89 ,54.12 ,15.01 
11263.24 ,54.14 ,15.03 
11140.98 ,54.17 ,14.98 
11128.42 ,54.17 ,14.97 
11138.91 ,54.16 ,14.98 
11325.76 ,54.15 ,15.06 
11240.83 ,54.20 ,15.02 
11107.04 ,54.23 ,14.96 
11235.89 ,54.22 ,15.02 
11118.26 ,54.23 ,14.97 
11297.77 ,54.22 ,15.05 
11162.93 ,54.25 ,14.99 
11321.82 ,54.25 ,15.06 
11122.61 ,54.30 ,14.97 
11164.34 ,54.28 ,14.99 
11106.46 ,54.27 ,14.96 
11218.49 ,54.24 ,15.01 
11122.38 ,54.24 ,14.97 
11131.08 ,54.23 ,14.97 
11064.99 ,54.21 ,14.94 
11197.37 ,54.17 ,15.00 
11295.12 ,54.17 ,15.04 
11163.34 ,54.21 ,14.99 
11052.27 ,54.22 ,14.94 
11143.41 ,54.18 ,14.98 
11087.77 ,54.17 ,14.95 
11201.28 ,54.14 ,15.00 
11176.18 ,54.15 ,14.99 
11100.42 ,54.16 ,14.96 
11200.86 ,54.14 ,15.00 
11300.61 ,54.16 ,15.05 
11128.04 ,54.21 ,14.97 
11166.64 ,54.20 ,14.99 
11175.11 ,54.20 ,14.99 
11240.61 ,54.21 ,15.02 
11113.57 ,54.23 ,14.97 
11301.00 ,54.22 ,15.05 
11191.27 ,54.26 ,15.00 
11154.14 ,54.27 ,14.98 
11256.94 ,54.26 ,15.03 
11224.52 ,54.28 ,15.01 
11211.94 ,54.30 ,15.01 
11204.04 ,54.31 ,15.01 
11170.88 ,54.31 ,14.99 
11103.87 ,54.31 ,14.96 
11284.37 ,54.27 ,15.04 
11208.75 ,54.30 ,15.01 
11217.92 ,54.31 ,15.01 
11066.73 ,54.31 ,14.95 
11148.28 ,54.27 ,14.98 
11110.20 ,54.25 ,14.96 
11104.60 ,54.22 ,14.96 
11281.81 ,54.19 ,15.04 
11225.03 ,54.23 ,15.01 
11247.32 ,54.25 ,15.02 
11310.14 ,54.27 ,15.05 
11231.67 ,54.31 ,15.02 
11188.40 ,54.33 ,15.00 
11217.83 ,54.33 ,15.01 
11124.93 ,54.33 ,14.97 
11201.56 ,54.31 ,15.00 
11106.62 ,54.30 ,14.96 
11175.31 ,54.27 ,14.99 
11209.16 ,54.26 ,15.01 
11132.79 ,54.26 ,14.97 
11149.13 ,54.25 ,14.98 
11181.39 ,54.23 ,14.99 
11171.61 ,54.23 ,14.99 
11148.64 ,54.22 ,14.98 
11207.34 ,54.21 ,15.01 
11184.11 ,54.22 ,15.00 
11257.39 ,54.23 ,15.03 
11225.60 ,54.25 ,15.01 
11279.82 ,54.27 ,15.04 
11090.99 ,54.30 ,14.96 
11127.85 ,54.27 ,14.97 
11334.38 ,54.25 ,15.06 
11130.31 ,54.29 ,14.97 
11158.42 ,54.28 ,14.99 
11046.58 ,54.26 ,14.94 
11159.81 ,54.22 ,14.99 
11113.06 ,54.20 ,14.96 
11257.37 ,54.18 ,15.03 
11356.33 ,54.21 ,15.07 
11200.54 ,54.27 ,15.00 
11204.11 ,54.28 ,15.01 
11237.35 ,54.29 ,15.02 
11177.90 ,54.31 ,14.99 
11185.06 ,54.30 ,15.00 
11142.75 ,54.30 ,14.98 
11167.59 ,54.28 ,14.99 
11276.55 ,54.27 ,15.04 
11235.57 ,54.29 ,15.02 
11190.46 ,54.31 ,15.00 
11141.90 ,54.31 ,14.98 
11215.25 ,54.29 ,15.01 
11140.39 ,54.29 ,14.98 
11062.32 ,54.27 ,14.94 
11180.81 ,54.23 ,14.99 
11210.25 ,54.22 ,15.01 
11162.27 ,54.23 ,14.99 
11076.97 ,54.22 ,14.95 
11191.48 ,54.19 ,15.00 
11264.07 ,54.19 ,15.03 
11109.15 ,54.22 ,14.96 
11166.06 ,54.21 ,14.99 
11123.13 ,54.20 ,14.97 
11269.98 ,54.19 ,15.03 
11218.49 ,54.22 ,15.01 
11137.51 ,54.24 ,14.98 
11161.23 ,54.23 ,14.99 
11136.85 ,54.22 ,14.98 
11230.17 ,54.21 ,15.02 
11247.66 ,54.23 ,15.02 
11256.47 ,54.26 ,15.03 
11198.82 ,54.28 ,15.00 
11167.06 ,54.29 ,14.99 
11144.43 ,54.29 ,14.98 
11211.77 ,54.27 ,15.01 
11175.88 ,54.28 ,14.99 
11180.13 ,54.27 ,14.99 
11160.56 ,54.27 ,14.99 
11228.72 ,54.26 ,15.02 
11113.66 ,54.28 ,14.97 
11299.35 ,54.25 ,15.05 
11251.82 ,54.29 ,15.03 
11208.83 ,54.31 ,15.01 
11109.23 ,54.32 ,14.96 
11184.76 ,54.29 ,15.00 
11039.27 ,54.29 ,14.93 
11186.30 ,54.23 ,15.00 
11196.51 ,54.23 ,15.00 
11359.52 ,54.23 ,15.07 
11150.91 ,54.29 ,14.98 
11250.60 ,54.29 ,15.03 
11220.71 ,54.31 ,15.01 
11247.04 ,54.32 ,15.02 
11256.27 ,54.34 ,15.03 
11218.53 ,54.36 ,15.01 
11194.97 ,54.36 ,15.00 
11131.34 ,54.36 ,14.97 
11187.44 ,54.33 ,15.00 
11177.79 ,54.32 ,14.99 
11212.91 ,54.31 ,15.01 
11242.27 ,54.31 ,15.02 
11231.34 ,54.32 ,15.02 
11160.15 ,54.33 ,14.99 
11139.67 ,54.32 ,14.98 
11139.21 ,54.29 ,14.98 
11123.84 ,54.27 ,14.97 
11209.46 ,54.24 ,15.01 
11189.99 ,54.25 ,15.00 
11221.57 ,54.25 ,15.01 
11045.45 ,54.26 ,14.94 
11274.18 ,54.21 ,15.04 
11289.37 ,54.24 ,15.04 
11194.88 ,54.28 ,15.00 
11116.96 ,54.28 ,14.97 
11268.31 ,54.26 ,15.03 
11170.56 ,54.28 ,14.99 
11184.63 ,54.28 ,15.00 
11236.61 ,54.28 ,15.02 
11146.91 ,54.29 ,14.98 
11221.82 ,54.28 ,15.01 
11114.85 ,54.28 ,14.97 
11224.42 ,54.26 ,15.01 
11211.19 ,54.27 ,15.01 
11209.62 ,54.28 ,15.01 
11194.40 ,54.28 ,15.00 
11253.24 ,54.29 ,15.03 
11144.01 ,54.30 ,14.98 
11228.47 ,54.29 ,15.02 
11237.18 ,54.30 ,15.02 
11147.49 ,54.31 ,14.98 
11316.57 ,54.30 ,15.05 
11144.34 ,54.33 ,14.98 
11216.87 ,54.32 ,15.01 
11130.92 ,54.32 ,14.97 
11179.01 ,54.30 ,14.99 
11225.52 ,54.29 ,15.01 
11211.91 ,54.29 ,15.01 
11197.62 ,54.30 ,15.00 
11220.28 ,54.30 ,15.01 
10986.65 ,54.31 ,14.91 
11227.29 ,54.24 ,15.02 
11061.19 ,54.24 ,14.94 
11155.34 ,54.20 ,14.98 
11165.63 ,54.19 ,14.99 
11063.67 ,54.18 ,14.94 
11231.99 ,54.15 ,15.02 
11224.69 ,54.17 ,15.01 
11135.58 ,54.19 ,14.97 
11292.09 ,54.19 ,15.04 
11207.18 ,54.23 ,15.01 
11222.30 ,54.25 ,15.01 
11201.47 ,54.27 ,15.00 
11232.68 ,54.28 ,15.02 
11199.19 ,54.29 ,15.00 
11220.25 ,54.30 ,15.01 
11133.07 ,54.31 ,14.97 
11182.79 ,54.29 ,15.00 
11106.42 ,54.29 ,14.96 
11059.05 ,54.26 ,14.94 
11211.29 ,54.21 ,15.01 
11070.36 ,54.22 ,14.95 
11161.03 ,54.19 ,14.99 
11186.72 ,54.18 ,15.00 
11221.41 ,54.19 ,15.01 
11164.26 ,54.21 ,14.99 
11137.53 ,54.21 ,14.98 
11222.02 ,54.21 ,15.01 
11178.90 ,54.22 ,14.99 
11138.74 ,54.23 ,14.98 
11090.79 ,54.22 ,14.96 
11182.32 ,54.20 ,15.00 
11217.25 ,54.20 ,15.01 
11277.75 ,54.22 ,15.04 
11253.80 ,54.26 ,15.03 
11188.89 ,54.29 ,15.00 
11271.78 ,54.30 ,15.03 
11230.78 ,54.33 ,15.02 
11220.56 ,54.35 ,15.01 
11264.57 ,54.36 ,15.03 
11107.26 ,54.38 ,14.96 
11188.16 ,54.35 ,15.00 
11197.28 ,54.34 ,15.00 
11129.76 ,54.34 ,14.97 
11144.57 ,54.31 ,14.98 
11126.35 ,54.29 ,14.97 
11161.58 ,54.27 ,14.99 
11210.13 ,54.25 ,15.01 
11097.15 ,54.26 ,14.96 
11256.46 ,54.24 ,15.03 
11232.87 ,54.26 ,15.02 
11198.52 ,54.28 ,15.00 
11144.51 ,54.29 ,14.98 
11259.21 ,54.27 ,15.03 
11190.89 ,54.30 ,15.00 
11265.02 ,54.30 ,15.03 
11082.68 ,54.32 ,14.95 
11127.41 ,54.29 ,14.97 
11068.60 ,54.27 ,14.95 
11275.90 ,54.22 ,15.04 
11179.73 ,54.25 ,14.99 
11059.03 ,54.25 ,14.94 
11068.91 ,54.22 ,14.95 
11200.78 ,54.18 ,15.00 
11283.36 ,54.18 ,15.04 
11092.20 ,54.23 ,14.96 
11213.16 ,54.21 ,15.01 
11136.43 ,54.22 ,14.98 
11182.03 ,54.21 ,15.00 
11178.49 ,54.22 ,14.99 
11200.42 ,54.22 ,15.00 
11143.97 ,54.24 ,14.98 
11239.25 ,54.23 ,15.02 
11214.39 ,54.25 ,15.01 
11209.46 ,54.27 ,15.01 
11241.87 ,54.28 ,15.02 
11340.53 ,54.31 ,15.07 
11255.30 ,54.36 ,15.03 
11159.45 ,54.39 ,14.99 
11217.95 ,54.37 ,15.01 
11004.73 ,54.38 ,14.92 
11172.70 ,54.31 ,14.99 
11234.53 ,54.29 ,15.02 
11095.07 ,54.30 ,14.96 
11311.47 ,54.27 ,15.05 
11212.47 ,54.31 ,15.01 
11135.94 ,54.32 ,14.98 
11128.47 ,54.30 ,14.97 
11242.46 ,54.28 ,15.02 
11222.13 ,54.29 ,15.01 
11186.35 ,54.30 ,15.00 
11220.33 ,54.30 ,15.01 
11210.24 ,54.31 ,15.01 
11209.60 ,54.32 ,15.01 
11268.09 ,54.32 ,15.03 
11227.88 ,54.35 ,15.02 
11205.73 ,54.36 ,15.01 
11167.52 ,54.36 ,14.99 
11093.74 ,54.35 ,14.96 
11241.75 ,54.31 ,15.02 
11225.25 ,54.31 ,15.01 
11293.18 ,54.32 ,15.04 
11138.13 ,54.35 ,14.98 
11254.98 ,54.33 ,15.03 
11282.19 ,54.35 ,15.04 
11189.61 ,54.37 ,15.00 
11310.43 ,54.37 ,15.05 
11253.77 ,54.40 ,15.03 
11271.30 ,54.41 ,15.04 
11246.41 ,54.43 ,15.02 
11190.56 ,54.43 ,15.00 
11194.24 ,54.42 ,15.00 
11172.91 ,54.40 ,14.99 
11255.33 ,54.38 ,15.03 
11198.76 ,54.39 ,15.00 
11290.19 ,54.38 ,15.04 
11111.23 ,54.39 ,14.97 
11141.42 ,54.36 ,14.98 
11128.82 ,54.33 ,14.97 
11289.33 ,54.29 ,15.04 
11244.64 ,54.31 ,15.02 
11184.72 ,54.33 ,15.00 
11119.04 ,54.32 ,14.97 
